group_id,module_path,layer_index,channel_index,out_channels,in_channels,kernel_size,parameter_cost,flops_cost,batchnorm_path,downstream_path,downstream_kind,random,magnitude,taylor,fisher,bn_gamma,r_sbl,profile_min,profile_mean,profile_max,profile_aggregation,profile_cvar_q,v_c,selection_priority,protected,selected_for_pruning,selection_order
conv.0:out:0,conv.0,0,0,64,1,3,390,31734.0,conv.2,conv.3,conv_in,0.7739560485559633,1.2692107558250427,0.8269475162029266,0.2530809987336397,1.1404614448547363,0.0009932604506821,0.0009842094182221,0.0009896203312069,0.0009932604506821,cvar,0.75,0.9877636337380512,2.4388858907038613e-05,False,False,
conv.0:out:1,conv.0,0,1,64,1,3,390,31734.0,conv.2,conv.3,conv_in,0.4388784397520523,0.9373038485646248,2.362780197709798,1.985955005697906,1.1066116094589231,0.0013119000631028,0.001295591876566,0.0013059383184676,0.0013119000631028,cvar,0.75,1.1000095012082842,1.3829912388985074e-05,False,False,
conv.0:out:2,conv.0,0,2,64,1,3,390,31734.0,conv.2,conv.3,conv_in,0.8585979199113825,0.9181517958641052,1.0888444911688566,0.7268781589809805,0.9596938490867616,0.0002886424960999,0.0002765558447583,0.0002828584802437,0.0002886424960999,cvar,0.75,0.2020425614464195,2.7056088734839053e-05,False,False,
conv.0:out:3,conv.0,0,3,64,1,3,390,31734.0,conv.2,conv.3,conv_in,0.6973680290593639,0.7191908955574036,0.6191751506179571,0.1553795379120856,1.2016568183898926,0.0003996188751916,0.0003939301999836,0.0003970744100237,0.0003996188751916,cvar,0.75,0.3591867759047459,2.1975421600156423e-05,False,False,
conv.0:out:4,conv.0,0,4,64,1,3,390,31734.0,conv.2,conv.3,conv_in,0.0941773478876495,1.4863884449005127,0.5561718362616375,0.2147436934892539,1.2134630680084229,0.0016933773325132,0.0016818952235671,0.0016858621814054,0.0016933773325132,cvar,0.75,1.302052062654704,2.9677112210137235e-06,False,True,11.0
conv.0:out:5,conv.0,0,5,64,1,3,390,31734.0,conv.2,conv.3,conv_in,0.975622351636756,0.7774031460285187,0.3506737916730344,0.0507148360688006,0.5894132852554321,0.0001511362776666,0.0001496683916715,0.0001505789747374,0.0001511362776666,cvar,0.75,0.0224491734940466,3.074375596006668e-05,False,False,
conv.0:out:6,conv.0,0,6,64,1,3,390,31734.0,conv.2,conv.3,conv_in,0.761139701990353,1.238139033317566,2.3287641376256945,1.8552915155887604,1.225950837135315,0.0009729640496086,0.0009693930548221,0.000971057852802,0.0009729640496086,cvar,0.75,0.9653144602440046,2.398499092425641e-05,False,False,
conv.0:out:7,conv.0,0,7,64,1,3,390,31734.0,conv.2,conv.3,conv_in,0.7860643052769538,0.9986896952614188,0.6333381568780169,0.2564387656278996,0.9404811263084412,0.0003626585084807,0.0003588102059613,0.0003612194094126,0.0003626585084807,cvar,0.75,0.3367376024106993,2.4770413602979575e-05,False,False,
conv.0:out:8,conv.0,0,8,64,1,3,390,31734.0,conv.2,conv.3,conv_in,0.1281136326755458,0.8028567209839821,0.1292028702097013,0.0098372012448635,0.8674556612968445,0.0003319165282369,0.0003184561734742,0.0003249939953452,0.0003319165282369,cvar,0.75,0.291839255422606,4.037109493777834e-06,False,True,14.0
conv.0:out:9,conv.0,0,9,64,1,3,390,31734.0,conv.2,conv.3,conv_in,0.4503859378955671,1.4057838916778564,4.971041613817215,13.621209663152694,0.9932251572608948,0.0014705609418032,0.001450326809522,0.0014576848557403,0.0014705609418032,cvar,0.75,1.1898061951844707,1.4192536014859996e-05,False,False,
conv.0:out:10,conv.0,0,10,64,1,3,390,31734.0,conv.2,conv.3,conv_in,0.3707980242325812,1.6505686938762665,1.3624939987668767,0.6458767847658237,1.1207561492919922,0.0007423411449827,0.0007326356388278,0.0007389623093671,0.0007423411449827,cvar,0.75,0.7632718987975851,1.1684566213921383e-05,False,False,
conv.0:out:11,conv.0,0,11,64,1,3,390,31734.0,conv.2,conv.3,conv_in,0.9267649888486018,1.6543641090393066,0.8308470103889704,0.4675537727976916,1.2475613355636597,0.0025355224809419,0.0024976236458918,0.0025162695142092,0.0025355224809419,cvar,0.75,1.414297930124937,2.9204165527465866e-05,False,False,
conv.0:out:12,conv.0,0,12,64,1,3,390,31734.0,conv.2,conv.3,conv_in,0.6438651200806645,1.452869713306427,1.325713412463665,0.5629359150305391,1.0198359489440918,0.0004711980791472,0.0004527014252331,0.0004604931795864,0.0004711980791472,cvar,0.75,0.4265342963868858,2.0289440980672607e-05,False,False,
conv.0:out:13,conv.0,0,13,64,1,3,390,31734.0,conv.2,conv.3,conv_in,0.82276161327083,1.0057147443294523,1.9650074161589144,3.151637151674368,0.6960654854774475,0.0008898236127454,0.0008878691818612,0.0008889563811661,0.0008898236127454,cvar,0.75,0.9204161132559112,2.592681708170511e-05,False,False,
conv.0:out:14,conv.0,0,14,64,1,3,390,31734.0,conv.2,conv.3,conv_in,0.4434141988273311,1.2953032851219175,7.465372264385223,19.344517278671265,1.2680985927581787,0.0020262207172159,0.0020098005781519,0.0020166617819669,0.0020262207172159,cvar,0.75,1.346950409642797,1.3972842970546766e-05,False,False,
conv.0:out:15,conv.0,0,15,64,1,3,390,31734.0,conv.2,conv.3,conv_in,0.2272387217847769,1.5117785334587095,1.285021198540926,1.2909990581450983,0.7565407752990723,0.0008373338754911,0.0008240109976817,0.0008326861701003,0.0008373338754911,cvar,0.75,0.8530685927737716,7.160733654275443e-06,False,True,32.0
conv.0:out:16,conv.0,0,16,64,1,3,390,31734.0,conv.2,conv.3,conv_in,0.5545847870158348,0.9031683653593064,1.077568716555834,0.4682980949059129,0.6563431620597839,0.0002592026954453,0.000253983461606,0.0002562167240608,0.0002592026954453,cvar,0.75,0.1571442144583263,1.7476044211755052e-05,False,False,
conv.0:out:17,conv.0,0,17,64,1,3,390,31734.0,conv.2,conv.3,conv_in,0.0638172561041753,1.0125038772821426,0.0868668290328059,0.0033718669970739,0.7454679608345032,0.0001919245703834,0.0001900830720995,0.0001908120993,0.0001919245703834,cvar,0.75,0.0897966939761864,2.0110057384563968e-06,False,True,7.0
conv.0:out:18,conv.0,0,18,64,1,3,390,31734.0,conv.2,conv.3,conv_in,0.8276311719925821,0.9482548534870148,0.3091577841900289,0.0401266759916325,0.799178957939148,0.0004814161827862,0.000475315002448,0.0004791918840926,0.0004814161827862,cvar,0.75,0.4489834698809324,2.6080266338708704e-05,False,False,
conv.0:out:19,conv.0,0,19,64,1,3,390,31734.0,conv.2,conv.3,conv_in,0.6316643991220648,1.2324867434799671,1.3795788943767548,0.5633135622134432,1.1026862859725952,0.0011615445255879,0.0011546610204982,0.0011582436495801,0.0011615445255879,cvar,0.75,1.0775603277142376,1.9904972556944126e-05,False,False,
conv.0:out:20,conv.0,0,20,64,1,3,390,31734.0,conv.2,conv.3,conv_in,0.7580877400853738,0.941082090139389,1.390426377952099,0.6053827155381442,0.9014732241630554,0.0007639376998386,0.0007587552136824,0.0007609703509462,0.0007639376998386,cvar,0.75,0.7857210722916317,2.3888817674587943e-05,False,False,
conv.0:out:21,conv.0,0,21,64,1,3,390,31734.0,conv.2,conv.3,conv_in,0.3545259681298683,0.6683541312813759,0.3739454201422632,0.0652933434670558,1.134764313697815,0.0007342214535531,0.0006757603673065,0.0006989142170556,0.0007342214535531,cvar,0.75,0.7183735518094918,1.1171802109090197e-05,False,True,44.0
conv.0:out:22,conv.0,0,22,64,1,3,390,31734.0,conv.2,conv.3,conv_in,0.9706980243949032,0.6088477978482842,0.4324299842119217,0.1275989074745666,0.7949062585830688,0.0002295937994068,0.0002253322188162,0.0002277408675564,0.0002295937994068,cvar,0.75,0.1346950409642797,3.058858084057803e-05,False,False,
conv.0:out:23,conv.0,0,23,64,1,3,390,31734.0,conv.2,conv.3,conv_in,0.8931211213221977,1.21799479983747,0.2807693201117217,0.027204829108814,0.7260613441467285,0.0002809849624826,0.0002788232360203,0.0002798554856786,0.0002809849624826,cvar,0.75,0.1795933879523729,2.8143981890785836e-05,False,False,
conv.0:out:24,conv.0,0,24,64,1,3,390,31734.0,conv.2,conv.3,conv_in,0.7783834970737619,1.647136092185974,0.7597825369099155,0.1683875938014125,1.0743205547332764,0.0006632181382619,0.0006289605051051,0.0006433063897085,0.0006632181382619,cvar,0.75,0.6061276843392587,2.452837641248383e-05,False,False,
conv.0:out:25,conv.0,0,25,64,1,3,390,31734.0,conv.2,conv.3,conv_in,0.1946387078519675,1.4541220664978027,0.6415210457518696,0.1645615904184524,0.9605013132095336,0.0008252458943087,0.0008068589134624,0.0008172744385405,0.0008252458943087,cvar,0.75,0.8306194192797249,6.133443872564678e-06,False,True,26.0
conv.0:out:26,conv.0,0,26,64,1,3,390,31734.0,conv.2,conv.3,conv_in,0.4667210037270342,1.4074326306581495,0.78637890573591,0.23157926176209,0.976975440979004,0.0009255984918972,0.0009158474876842,0.000920839528005,0.0009255984918972,cvar,0.75,0.942865286749958,1.4707285678673793e-05,False,False,
conv.0:out:27,conv.0,0,27,64,1,3,390,31734.0,conv.2,conv.3,conv_in,0.0438037657872287,2.0315816402435303,1.670733878389001,0.8918017137795686,1.009345531463623,0.0005746809218489,0.0005720138825201,0.0005737713150606,0.0005746809218489,cvar,0.75,0.5163309903630723,1.3803417718292274e-06,False,True,3.0
conv.0:out:28,conv.0,0,28,64,1,3,390,31734.0,conv.2,conv.3,conv_in,0.1542894920675478,0.4562112838029861,1.1852339193224908,0.6309358173981309,1.1670886278152466,0.0015917739282065,0.0015776330094696,0.0015858965310164,0.0015917739282065,cvar,0.75,1.2571537156666106,4.861961683605842e-06,False,True,18.0
conv.0:out:29,conv.0,0,29,64,1,3,390,31734.0,conv.2,conv.3,conv_in,0.6830489532424546,1.4056220948696136,0.926858925819397,0.3388938259333372,0.8780648112297058,0.0014862010069537,0.0014753027713497,0.0014791009710334,0.0014862010069537,cvar,0.75,1.2122553686785174,2.1524199698823175e-05,False,False,
conv.0:out:30,conv.0,0,30,64,1,3,390,31734.0,conv.2,conv.3,conv_in,0.7447621559078171,1.0291612148284912,0.4443880207836628,0.0804929225705564,0.7226994633674622,0.0001898376081625,0.0001866722498308,0.0001879886656376,0.0001898376081625,cvar,0.75,0.0448983469880932,2.3468902625191187e-05,False,False,
conv.0:out:31,conv.0,0,31,64,1,3,390,31734.0,conv.2,conv.3,conv_in,0.96750973243421,1.2740278616547585,2.9543844148516656,3.1610536612570286,0.9608610272407532,0.0013130961084713,0.0013055239070322,0.0013087650671519,0.0013130961084713,cvar,0.75,1.1224586747023308,3.0488111565961114e-05,False,False,
conv.0:out:32,conv.0,0,32,64,1,3,390,31734.0,conv.2,conv.3,conv_in,0.3258253581381519,1.377320408821106,1.0035304725170135,0.3468955136835575,1.2905374765396118,0.0006709923246425,0.0006679395345708,0.0006698380731149,0.0006709923246425,cvar,0.75,0.6734752048213986,1.0267390122208101e-05,False,True,40.0
conv.0:out:33,conv.0,0,33,64,1,3,390,31734.0,conv.2,conv.3,conv_in,0.3704597060348689,1.5539719462394714,0.4355692667886615,0.0592136771476361,0.6167119741439819,0.0003069537600156,0.0003019905340938,0.0003048162783541,0.0003069537600156,cvar,0.75,0.2693900819285594,1.1673905150150277e-05,False,False,
conv.0:out:34,conv.0,0,34,64,1,3,390,31734.0,conv.2,conv.3,conv_in,0.4695558112758079,1.3108695149421692,2.4209917336702347,2.737160819396377,1.2832354307174685,0.0020938593693241,0.0020544438188048,0.0020781683235827,0.0020938593693241,cvar,0.75,1.3693995831368435,1.479661597264158e-05,False,False,
conv.0:out:35,conv.0,0,35,64,1,3,390,31734.0,conv.2,conv.3,conv_in,0.1894713590842857,1.1292619705200195,1.828410729765892,1.2013805240392683,1.072827935218811,0.0014269472355534,0.0014102984323812,0.0014201505437376,0.0014269472355534,cvar,0.75,1.167357021690424,5.970610672599915e-06,False,True,23.0
conv.0:out:36,conv.0,0,36,64,1,3,390,31734.0,conv.2,conv.3,conv_in,0.1299215053354716,0.5832139402627945,1.1917931944131852,0.7162662670016289,1.351496696472168,0.001353712601871,0.0013199131094246,0.0013333092703239,0.001353712601871,cvar,0.75,1.1449078481963777,4.094079074036415e-06,False,True,15.0
conv.0:out:37,conv.0,0,37,64,1,3,390,31734.0,conv.2,conv.3,conv_in,0.4757049262259337,1.2778262682259085,0.2132868682034313,0.0152682694417308,0.9825890064239502,0.0005019160156563,0.0004873275841994,0.0004967960969634,0.0005019160156563,cvar,0.75,0.471432643374979,1.4990386532612772e-05,False,False,
conv.0:out:38,conv.0,0,38,64,1,3,390,31734.0,conv.2,conv.3,conv_in,0.2269093490508841,1.1174318119883535,0.8657696394249796,0.342921401575586,0.8287664651870728,0.0006513539582528,0.0006432995608456,0.0006479677495104,0.0006513539582528,cvar,0.75,0.6510260313273519,7.150354479450561e-06,False,True,31.0
conv.0:out:39,conv.0,0,39,64,1,3,390,31734.0,conv.2,conv.3,conv_in,0.6698139946825103,0.84193354845047,0.7133576720952988,0.3400013176724314,0.5953299403190613,0.0007096242013033,0.0006881888209301,0.0006990118147841,0.0007096242013033,cvar,0.75,0.7408227253035384,2.1107140438725353e-05,False,False,
conv.0:out:40,conv.0,0,40,64,1,3,390,31734.0,conv.2,conv.3,conv_in,0.4371519188723307,0.6248319633305073,0.7335599148645997,0.3710559637867845,0.8990232944488525,0.0005076297249055,0.0005030419421859,0.0005059085020275,0.0005076297249055,cvar,0.75,0.4938818168690256,1.3775506361389384e-05,False,False,
conv.0:out:41,conv.0,0,41,64,1,3,390,31734.0,conv.2,conv.3,conv_in,0.8326781960578374,1.6475170254707336,0.871083976700902,0.2830269355326891,0.7012639045715332,0.0009993295714575,0.0009873431153525,0.0009951555428823,0.0009993295714575,cvar,0.75,1.010212807232098,2.623930787350594e-05,False,False,
conv.0:out:42,conv.0,0,42,64,1,3,390,31734.0,conv.2,conv.3,conv_in,0.7002651020022491,0.943177491426468,2.5273754306137564,5.437041534204036,0.8601136207580566,0.0015814926742978,0.0015722466036114,0.0015759398421799,0.0015814926742978,cvar,0.75,1.234704542172564,2.2066713997675967e-05,False,False,
conv.0:out:43,conv.0,0,43,64,1,3,390,31734.0,conv.2,conv.3,conv_in,0.312366641382041,1.0639359951019287,1.8110647685825825,1.2499951653182506,1.392758011817932,0.0016848661854736,0.0016745549321396,0.0016813521258917,0.0016848661854736,cvar,0.75,1.2796028891606572,9.843279806580987e-06,False,True,38.0
conv.0:out:44,conv.0,0,44,64,1,3,390,31734.0,conv.2,conv.3,conv_in,0.8322598013952011,1.1749195158481598,2.56187651604414,5.165336988866329,0.6462842226028442,0.000597733310285,0.000588415273918,0.0005920782826012,0.000597733310285,cvar,0.75,0.5612293373511654,2.6226123444734387e-05,False,False,
conv.0:out:45,conv.0,0,45,64,1,3,390,31734.0,conv.2,conv.3,conv_in,0.8047643574968019,0.6116492599248886,0.1108817224390804,0.0044415658661819,1.2208250761032104,0.0001904138235872,0.0001859321944157,0.0001883633849046,0.0001904138235872,cvar,0.75,0.0673475204821398,2.5359688583122263e-05,False,False,
conv.0:out:46,conv.0,0,46,64,1,3,390,31734.0,conv.2,conv.3,conv_in,0.3874783790301744,1.2607246339321136,0.339607991091907,0.0778903336584335,0.9873102903366088,0.0003692002646255,0.0003518654303328,0.0003592880294382,0.0003692002646255,cvar,0.75,0.3142884289166526,1.2210196603963395e-05,False,False,
conv.0:out:47,conv.0,0,47,64,1,3,390,31734.0,conv.2,conv.3,conv_in,0.2883281039302441,1.142763465642929,0.634453272819519,0.1601979099679738,0.6117786765098572,0.000197234004231,0.000194793142306,0.0001963066416425,0.000197234004231,cvar,0.75,0.1122458674702331,9.08577878396181e-06,False,True,35.0
conv.0:out:48,conv.0,0,48,64,1,3,390,31734.0,conv.2,conv.3,conv_in,0.6824955039749755,1.4063764959573746,1.983818143606186,1.4524422854185104,0.7445203065872192,0.0006832766597686,0.0006805967034983,0.0006820205098939,0.0006832766597686,cvar,0.75,0.6959243783154452,2.1506759437038365e-05,False,False,
conv.0:out:49,conv.0,0,49,64,1,3,390,31734.0,conv.2,conv.3,conv_in,0.1397524836093098,1.1879028975963593,0.6983386009931565,0.2547089303843677,0.6895734667778015,0.0004280568840975,0.000423885328927,0.000425542169377,0.0004280568840975,cvar,0.75,0.3816359493987925,4.40387230129545e-06,False,True,16.0
conv.0:out:50,conv.0,0,50,64,1,3,390,31734.0,conv.2,conv.3,conv_in,0.1999082024751083,1.2882537692785263,2.4621453255414965,2.121570685505867,1.0475531816482544,0.001134759301159,0.0011264418049884,0.0011307802726051,0.001134759301159,cvar,0.75,1.0551111542201912,6.299495886907049e-06,False,True,27.0
conv.0:out:51,conv.0,0,51,64,1,3,390,31734.0,conv.2,conv.3,conv_in,0.0073622697510055,1.2342437207698822,1.8848542973399165,2.085014056228101,1.0679625272750854,0.0010936315890882,0.0010821339017409,0.0010890487797023,0.0010936315890882,cvar,0.75,1.0326619807261446,2.3199942493872505e-07,False,True,1.0
conv.0:out:52,conv.0,0,52,64,1,3,390,31734.0,conv.2,conv.3,conv_in,0.7869243775021384,1.187371790409088,1.7575397878885268,1.452685706689954,0.7901851534843445,0.000853859893626,0.0008373387100748,0.000844802059539,0.000853859893626,cvar,0.75,0.8755177662678182,2.4797516149938186e-05,False,False,
conv.0:out:53,conv.0,0,53,64,1,3,390,31734.0,conv.2,conv.3,conv_in,0.6648508565920321,1.159552037715912,1.6755335301160812,1.075737324729562,1.5855242013931274,0.002275406611498,0.0021873423492609,0.0022362964167454,0.002275406611498,cvar,0.75,1.3918487566308904,2.0950742313986014e-05,False,False,
conv.0:out:54,conv.0,0,54,64,1,3,390,31734.0,conv.2,conv.3,conv_in,0.7051653786263351,1.527812898159027,0.4344661893323064,0.0885024566901847,0.7602196335792542,0.0006466870967083,0.0006445593814421,0.0006459140190931,0.0006466870967083,cvar,0.75,0.6285768578333053,2.2221131235467798e-05,False,False,
conv.0:out:55,conv.0,0,55,64,1,3,390,31734.0,conv.2,conv.3,conv_in,0.7807290310219679,1.0232326984405518,0.9095804369077086,0.3522712902748026,1.2163926362991333,0.0008215479730557,0.0008089933274511,0.0008150902961591,0.0008215479730557,cvar,0.75,0.8081702457856783,2.46022887446262e-05,False,False,
conv.0:out:56,conv.0,0,56,64,1,3,390,31734.0,conv.2,conv.3,conv_in,0.4589157755383399,1.050020766677335,2.6264246888225897,3.626179429986587,1.0299267768859863,0.0006175677018344,0.000609542863252,0.0006135949260938,0.0006175677018344,cvar,0.75,0.583678510845212,1.4461327772683553e-05,False,False,
conv.0:out:57,conv.0,0,57,64,1,3,390,31734.0,conv.2,conv.3,conv_in,0.5687411959528937,0.9507971554994584,0.390592279471457,0.1109659334993921,1.1620352268218994,0.0009221985670501,0.0008365599744936,0.0008696219177676,0.0009221985670501,cvar,0.75,0.8979669397618648,1.792214016363817e-05,False,False,
conv.0:out:58,conv.0,0,58,64,1,3,390,31734.0,conv.2,conv.3,conv_in,0.1397969981276574,1.3020902872085571,2.8232160061597824,3.538349059224129,1.2558789253234863,0.0018943305577303,0.0018585928545498,0.0018743774603551,0.0018943305577303,cvar,0.75,1.3245012361487505,4.405275040261467e-06,False,True,17.0
conv.0:out:59,conv.0,0,59,64,1,3,390,31734.0,conv.2,conv.3,conv_in,0.1145300735359734,1.234090176410973,1.9956237532198429,1.403812515269965,0.923891007900238,0.0005754041723458,0.0005733178211596,0.0005746855533924,0.0005754041723458,cvar,0.75,0.5387801638571188,3.609065152075799e-06,False,True,12.0
conv.0:out:60,conv.0,0,60,64,1,3,390,31734.0,conv.2,conv.3,conv_in,0.6684029617904717,1.089952826499939,1.2744029885157944,1.193669925746508,0.4624955356121063,0.0004445864523053,0.0004419152433426,0.0004432930126378,0.0004445864523053,cvar,0.75,0.4040851228928391,2.1062676050623045e-05,False,False,
conv.0:out:61,conv.0,0,61,64,1,3,390,31734.0,conv.2,conv.3,conv_in,0.4710962061431325,0.7737953364849091,0.3368426322937011,0.0761810784693807,1.078052043914795,0.0002956053306031,0.0002857165734955,0.0002904295294647,0.0002956053306031,cvar,0.75,0.2469409084345128,1.4845156807938883e-05,False,False,
conv.0:out:62,conv.0,0,62,64,1,3,390,31734.0,conv.2,conv.3,conv_in,0.5652361064811888,1.097988247871399,1.223015512013808,2.1765377502844787,1.2999480962753296,0.0032633148230512,0.0031634534492545,0.0032274789718076,0.0032633148230512,cvar,0.75,1.4367471036189836,1.7811687983903346e-05,False,False,
conv.0:out:63,conv.0,0,63,64,1,3,390,31734.0,conv.2,conv.3,conv_in,0.7649988574160256,1.3920070677995682,0.8984372284263372,0.2737462958553806,0.8598693013191223,0.0002947221236747,0.0002863467324119,0.0002896744793888,0.0002947221236747,cvar,0.75,0.2244917349404662,2.4106600410160255e-05,False,False,
conv.3:out:0,conv.3,1,0,128,64,3,229,15812.0,conv.5,head,linear_in,0.6347183200005908,13.069807291030884,0.2708606533007696,0.0010760375976133,1.8497693538665767,0.0005958904387714,0.0005914015143559,0.0005942413257566,0.0005958904387714,cvar,0.75,0.0064133805478882,4.014155831018156e-05,False,False,
conv.3:out:1,conv.3,1,1,128,64,3,229,15812.0,conv.5,head,linear_in,0.5535794006579958,13.384104117751122,1.165346511125972,0.017498532395998,2.052964448928833,0.001672333445076,0.0015909896006066,0.0016297799222886,0.001672333445076,cvar,0.75,0.0529103895200784,3.501008099279002e-05,False,False,
conv.3:out:2,conv.3,1,2,128,64,3,229,15812.0,conv.5,head,linear_in,0.5592071607454135,12.664950549602509,0.2033258099429076,0.000582767483133,2.118234395980835,0.0006310393827383,0.000623747125858,0.0006264581389102,0.0006310393827383,cvar,0.75,0.0090856224428417,3.536599802336286e-05,False,False,
conv.3:out:3,conv.3,1,3,128,64,3,229,15812.0,conv.5,head,linear_in,0.3039500980626122,13.479193955659866,10.025531834363935,1.993887559324503,2.1844165325164795,0.002809198594861,0.0027242692133124,0.00275781319021,0.002809198594861,cvar,0.75,0.0668060473738363,1.9222748422882127e-05,False,False,
conv.3:out:4,conv.3,1,4,128,64,3,229,15812.0,conv.5,head,linear_in,0.0308178345679394,13.714113213121893,2.429394540004432,0.095683636853937,1.9857728481292725,0.0012676975600217,0.0012068379119423,0.0012314286013437,0.0012676975600217,cvar,0.75,0.0347391446343949,1.9490155937224514e-06,False,True,6.0
conv.3:out:5,conv.3,1,5,128,64,3,229,15812.0,conv.5,head,linear_in,0.4367173892323623,14.30328257754445,0.5911666722314294,0.0071506255736114,2.369526624679565,0.0014851523166952,0.0014651073773417,0.0014767188943149,0.0014851523166952,cvar,0.75,0.0459625605931994,2.761936435823187e-05,False,False,
conv.3:out:6,conv.3,1,6,128,64,3,229,15812.0,conv.5,head,linear_in,0.2145846728195292,13.614233940839767,3.1325241051614285,0.185218952037394,1.8890833854675293,0.0011787254491171,0.0011486802344293,0.0011611256648659,0.0011787254491171,cvar,0.75,0.0336702478764135,1.3571001316691703e-05,False,False,
conv.3:out:7,conv.3,1,7,128,64,3,229,15812.0,conv.5,head,linear_in,0.4085286437246361,12.201598070561886,0.2358157900511287,0.0011637001515964,1.537355899810791,0.0002441529230591,0.0002382934191823,0.000241093872948,0.0002441529230591,cvar,0.75,0.0021377935159627,2.583662052394612e-05,False,False,
conv.3:out:8,conv.3,1,8,128,64,3,229,15812.0,conv.5,head,linear_in,0.8534030732681661,14.238877326250076,3.251563096791506,0.1414133686805144,2.5526838302612305,0.0020843003717781,0.0020525481157214,0.0020727323293782,0.0020843003717781,cvar,0.75,0.060392666825948,5.3971861451313314e-05,False,False,
conv.3:out:9,conv.3,1,9,128,64,3,229,15812.0,conv.5,head,linear_in,0.2339394858653407,15.433267533779144,2.9715651337057354,0.2660934943938627,2.385253667831421,0.0010408320768304,0.0010309536513297,0.001037485316248,0.0010408320768304,cvar,0.75,0.0283257640865066,1.4795059819462477e-05,False,False,
conv.3:out:10,conv.3,1,10,128,64,3,229,15812.0,conv.5,head,linear_in,0.058302741689066,13.828325904905796,0.9258247138466686,0.0116436961281579,1.9539237022399905,0.0010975303898751,0.00107640980291,0.0010888775057114,0.0010975303898751,cvar,0.75,0.03099800598146,3.68724650196471e-06,False,True,13.0
conv.3:out:11,conv.3,1,11,128,64,3,229,15812.0,conv.5,head,linear_in,0.2813838920219965,15.86472124606371,1.8349041833542288,0.0751760291801474,2.574246644973755,0.0013178412954479,0.0012808769160923,0.0013034340908908,0.0013178412954479,cvar,0.75,0.0395491800453111,1.7795591450923127e-05,False,False,
conv.3:out:12,conv.3,1,12,128,64,3,229,15812.0,conv.5,head,linear_in,0.2935937577666836,13.0611705891788,0.3270730651915073,0.0017744420018289,2.1937057971954346,0.0006388592046657,0.0006259599113913,0.0006336719473623,0.0006388592046657,cvar,0.75,0.0101545192008231,1.8567781290582066e-05,False,False,
conv.3:out:13,conv.3,1,13,128,64,3,229,15812.0,conv.5,head,linear_in,0.6619165147268951,13.0844354480505,0.9282742446288468,0.0152863619849085,2.184095621109009,0.0006727886148467,0.000665945406931,0.0006691824954077,0.0006727886148467,cvar,0.75,0.0117578643377952,4.18616566359028e-05,False,False,
conv.3:out:14,conv.3,1,14,128,64,3,229,15812.0,conv.5,head,linear_in,0.5570321523412783,14.13749365042895,1.535765856335638,0.0477513327805922,2.257902145385742,0.001506540622033,0.0014830895293516,0.0014946741847577,0.001506540622033,cvar,0.75,0.0481003541091621,3.522844373521872e-05,False,False,
conv.3:out:15,conv.3,1,15,128,64,3,229,15812.0,conv.5,head,linear_in,0.7838982091064135,13.642832197248936,0.7095735319890082,0.0076992457936285,1.993212938308716,0.0010630472001486,0.0010358886217021,0.0010471642571839,0.0010630472001486,cvar,0.75,0.0288602124654973,4.957615792476685e-05,False,False,
conv.3:out:16,conv.3,1,16,128,64,3,229,15812.0,conv.5,head,linear_in,0.6643135403273875,14.800110809504986,1.933509051427245,0.0439325240440666,1.8859127759933472,0.001723510006448,0.0016792393985464,0.0017027640948251,0.001723510006448,cvar,0.75,0.0550481830360411,4.2013251981241305e-05,False,False,
conv.3:out:17,conv.3,1,17,128,64,3,229,15812.0,conv.5,head,linear_in,0.4063868614400705,14.104219675064089,3.559472032263875,0.3234458130114944,2.062222480773926,0.0019000041586944,0.0018252936095247,0.0018535790094754,0.0019000041586944,cvar,0.75,0.0566515281730132,2.5701167558820548e-05,False,False,
conv.3:out:18,conv.3,1,18,128,64,3,229,15812.0,conv.5,head,linear_in,0.8140203846660347,13.96940791606903,2.932457053195685,0.0944222152364091,2.295421838760376,0.0013242618975779,0.0012739311190102,0.00130201561397,0.0013242618975779,cvar,0.75,0.0390147316663204,5.148117788173758e-05,False,False,
conv.3:out:19,conv.3,1,19,128,64,3,229,15812.0,conv.5,head,linear_in,0.1669729199077039,13.95117461681366,0.0534280019495781,0.0001860972012593,2.374321699142456,0.0008919028931095,0.0008644299819592,0.0008796753757735,0.0008919028931095,cvar,0.75,0.0219123835386183,1.0559886156571206e-05,False,True,42.0
conv.3:out:20,conv.3,1,20,128,64,3,229,15812.0,conv.5,head,linear_in,0.0227120731338604,12.059149719774725,0.5218931366107427,0.0032793128032494,2.0164361000061035,0.0005479273186546,0.0005354413912541,0.0005415973844431,0.0005479273186546,cvar,0.75,0.0053444837899069,1.4363820600721226e-06,False,True,4.0
conv.3:out:21,conv.3,1,21,128,64,3,229,15812.0,conv.5,head,linear_in,0.0900478607756417,13.655370458960531,2.472291916050017,0.0849994794349186,1.7178905010223389,0.00087045293087,0.0008521507690894,0.0008634975841946,0.00087045293087,cvar,0.75,0.0208434867806369,5.694906449256368e-06,False,True,22.0
conv.3:out:22,conv.3,1,22,128,64,3,229,15812.0,conv.5,head,linear_in,0.7223593505964503,13.352859526872637,0.1597517288755625,0.0008231083689224,2.117000102996826,0.0011742340859095,0.001153914858129,0.0011661218564659,0.0011742340859095,cvar,0.75,0.0342046962554042,4.56842493420472e-05,False,False,
conv.3:out:23,conv.3,1,23,128,64,3,229,15812.0,conv.5,head,linear_in,0.4618772302513874,13.431035317480564,1.5231070026755331,0.052199196035508,2.1107430458068848,0.0021761833161174,0.0021383551319437,0.0021581551796355,0.0021761833161174,cvar,0.75,0.0609271152049387,2.9210550863356147e-05,False,False,
conv.3:out:24,conv.3,1,24,128,64,3,229,15812.0,conv.5,head,linear_in,0.1612717790336018,15.154363930225372,0.1165808652760461,0.000247104345442,3.2592110633850098,0.0017851604312886,0.0015931878283915,0.0016657509844995,0.0017851604312886,cvar,0.75,0.0539792862780597,1.019932829709093e-05,False,True,39.0
conv.3:out:25,conv.3,1,25,128,64,3,229,15812.0,conv.5,head,linear_in,0.5010447751033635,12.582912616431711,1.5214105357415977,0.0353459780511912,2.172523260116577,0.0008456611642663,0.0008167390232661,0.0008292953216344,0.0008456611642663,cvar,0.75,0.0187056932646741,3.16876280738277e-05,False,False,
conv.3:out:26,conv.3,1,26,128,64,3,229,15812.0,conv.5,head,linear_in,0.1523121027131684,14.019429825246334,0.4782026301138103,0.0036913981151428,2.434090137481689,0.0019977615782307,0.0019818292087727,0.0019898702471485,0.0019977615782307,cvar,0.75,0.058789321688976,9.632690533339766e-06,False,True,37.0
conv.3:out:27,conv.3,1,27,128,64,3,229,15812.0,conv.5,head,linear_in,0.696320375077736,16.30247610807419,2.2685273877345025,0.0712432470136263,2.607524871826172,0.0024753455892296,0.0024244173113803,0.0024523548044304,0.0024753455892296,cvar,0.75,0.0635993570998922,4.403746364013003e-05,False,False,
conv.3:out:28,conv.3,1,28,128,64,3,229,15812.0,conv.5,head,linear_in,0.4461562755740307,13.505410626530647,2.274712215922773,0.097152595465377,2.222750425338745,0.0022521988563534,0.0022107258462698,0.0022312216205947,0.0022521988563534,cvar,0.75,0.0619960119629201,2.8216308852392533e-05,False,False,
conv.3:out:29,conv.3,1,29,128,64,3,229,15812.0,conv.5,head,linear_in,0.3810212260964825,12.896560311317444,0.6058961286442355,0.0046014778982907,1.8354613780975344,0.0006378822874668,0.0006260235147788,0.0006321492935485,0.0006378822874668,cvar,0.75,0.0096200708218324,2.4096965981310554e-05,False,False,
conv.3:out:30,conv.3,1,30,128,64,3,229,15812.0,conv.5,head,linear_in,0.3015120891478765,16.880991101264954,0.1151639665360562,0.0003334275847919,2.752556085586548,0.0013475493947775,0.0011786945376962,0.0012419458384561,0.0013475493947775,cvar,0.75,0.0358080413923763,1.906856116543616e-05,False,False,
conv.3:out:31,conv.3,1,31,128,64,3,229,15812.0,conv.5,head,linear_in,0.6302825931188885,15.706153005361555,0.9967427046038212,0.0101573154577636,1.8814096450805664,0.0008636960773968,0.0008502780769459,0.0008555033844098,0.0008636960773968,cvar,0.75,0.0203090384016462,3.986102916259097e-05,False,False,
conv.3:out:32,conv.3,1,32,128,64,3,229,15812.0,conv.5,head,linear_in,0.3618126105533904,14.103911405429244,1.4519632048904896,0.0287606850864904,2.173314332962036,0.001125109824452,0.0011067965341007,0.0011182737602342,0.001125109824452,cvar,0.75,0.0320669027394414,2.2882153462774503e-05,False,False,
conv.3:out:33,conv.3,1,33,128,64,3,229,15812.0,conv.5,head,linear_in,0.087649919316101,15.068360894918442,0.76265833619982,0.0087033804127713,2.357794523239136,0.0025917212758098,0.0025431219461186,0.0025715842881158,0.0025917212758098,cvar,0.75,0.0646682538578736,5.543253182146534e-06,False,True,21.0
conv.3:out:34,conv.3,1,34,128,64,3,229,15812.0,conv.5,head,linear_in,0.1180059021205153,14.77673077583313,0.925913691148162,0.0151423031988088,2.2103426456451416,0.0015214091411647,0.001493969251453,0.0015119569290066,0.0015214091411647,cvar,0.75,0.0486348024881528,7.463059835600512e-06,False,True,33.0
conv.3:out:35,conv.3,1,35,128,64,3,229,15812.0,conv.5,head,linear_in,0.9618976645495144,15.437850922346115,2.517579430807382,0.1068927655491279,1.951506733894348,0.0013185878598546,0.0013076880830941,0.00131244304081,0.0013185878598546,cvar,0.75,0.0411525251822832,6.083339644254455e-05,False,False,
conv.3:out:36,conv.3,1,36,128,64,3,229,15812.0,conv.5,head,linear_in,0.908580690707607,11.806807406246662,0.2889305726625025,0.0017873380991659,1.7242581844329834,0.0006200025684606,0.0006121650538574,0.0006167299324711,0.0006200025684606,cvar,0.75,0.0080167256848603,5.7461465387528906e-05,False,False,
conv.3:out:37,conv.3,1,37,128,64,3,229,15812.0,conv.5,head,linear_in,0.6997071338107496,13.90400207042694,0.0491124154825229,5.1366850993872506e-05,2.585352897644043,0.0006381321911461,0.0005687627207049,0.0005951536634719,0.0006381321911461,cvar,0.75,0.0069478289268789,4.425165278337652e-05,False,False,
conv.3:out:38,conv.3,1,38,128,64,3,229,15812.0,conv.5,head,linear_in,0.2658699614595196,14.368688831105828,1.1572043654392474,0.0176238534405229,2.067474126815796,0.0015707128082155,0.0015459794216664,0.0015552320904764,0.0015707128082155,cvar,0.75,0.0507725960041156,1.681444228810521e-05,False,False,
conv.3:out:39,conv.3,1,39,128,64,3,229,15812.0,conv.5,head,linear_in,0.969176377347724,15.443182907998562,1.3757291667163372,0.0233095374540425,2.1604995727539062,0.0014869730220461,0.0014542662296857,0.0014734380805409,0.0014869730220461,cvar,0.75,0.0454281122142087,6.129372485123476e-05,False,False,
conv.3:out:40,conv.3,1,40,128,64,3,229,15812.0,conv.5,head,linear_in,0.7787509039657946,15.000350818037989,0.3888267991831526,0.0022676117640912,2.145761728286743,0.000927661239415,0.0009185014073318,0.0009243084112328,0.000927661239415,cvar,0.75,0.024050177054581,4.925062635756354e-05,False,False,
conv.3:out:41,conv.3,1,41,128,64,3,229,15812.0,conv.5,head,linear_in,0.7168901891589956,15.029701948165894,1.151909920014441,0.0242448426201008,1.9256346225738523,0.002003317724323,0.0019742684510447,0.0019875752083382,0.002003317724323,cvar,0.75,0.0582548733099853,4.533836258278495e-05,False,False,
conv.3:out:42,conv.3,1,42,128,64,3,229,15812.0,conv.5,head,linear_in,0.4493615021437886,12.13940979540348,1.0831280150916427,0.0180251680583751,1.7880725860595703,0.0006611802278995,0.0006566594806884,0.0006587702307711,0.0006611802278995,cvar,0.75,0.0112234159588045,2.841901733770482e-05,False,False,
conv.3:out:43,conv.3,1,43,128,64,3,229,15812.0,conv.5,head,linear_in,0.272241561845159,12.921543031930923,0.2910601263283752,0.0027321037291414,2.078720092773437,0.0008343463343948,0.00082109453968,0.0008285342535824,0.0008343463343948,cvar,0.75,0.0181712448856834,1.721740208987851e-05,False,False,
conv.3:out:44,conv.3,1,44,128,64,3,229,15812.0,conv.5,head,linear_in,0.0963909621534993,14.855873845517635,1.377603176049888,0.0316465349154896,2.288433790206909,0.0018487378139416,0.0018306711459813,0.0018420346758831,0.0018487378139416,cvar,0.75,0.0561170797940225,6.096063885245338e-06,False,True,25.0
conv.3:out:45,conv.3,1,45,128,64,3,229,15812.0,conv.5,head,linear_in,0.9026023965438416,12.86900083720684,0.1304023724980652,0.0004026781953143,1.916620135307312,0.0003835803627152,0.0003720565877833,0.0003790031426872,0.0003835803627152,cvar,0.75,0.0032066902739441,5.708337949303324e-05,False,False,
conv.3:out:46,conv.3,1,46,128,64,3,229,15812.0,conv.5,head,linear_in,0.455776289833611,13.218060299754145,2.409694710280746,0.0992265702414442,1.8768887519836424,0.0008308745350617,0.0008254306552251,0.0008276040309522,0.0008308745350617,cvar,0.75,0.0171023481277021,2.882470843875607e-05,False,False,
conv.3:out:47,conv.3,1,47,128,64,3,229,15812.0,conv.5,head,linear_in,0.2023633647952303,12.23061276972294,0.8123565943911671,0.0106882338179275,1.889100790023804,0.0005016338700823,0.0004949474586739,0.0004980097495411,0.0005016338700823,cvar,0.75,0.0048100354109162,1.2798087831724658e-05,False,False,
conv.3:out:48,conv.3,1,48,128,64,3,229,15812.0,conv.5,head,linear_in,0.3059566241506525,14.91735252737999,0.1435190938704181,0.0002846211563991,2.007340669631958,0.0013906102718871,0.0013476971605609,0.0013735507257009,0.0013906102718871,cvar,0.75,0.0427558703192552,1.934964736596588e-05,False,False,
conv.3:out:49,conv.3,1,49,128,64,3,229,15812.0,conv.5,head,linear_in,0.579219568941896,14.2349271774292,0.1846915736619848,0.0004338287410391,2.107085466384888,0.0007066641243499,0.0006978373142923,0.000703283894118,0.0007066641243499,cvar,0.75,0.0128267610957765,3.6631644886282317e-05,False,False,
conv.3:out:50,conv.3,1,50,128,64,3,229,15812.0,conv.5,head,linear_in,0.1767727829392317,13.790230438113213,4.832020971551538,0.3238859267905354,1.8100608587265008,0.0016062497052834,0.0015770427551795,0.0015869574608696,0.0016062497052834,cvar,0.75,0.051841492762097,1.1179659937973166e-05,False,True,45.0
conv.3:out:51,conv.3,1,51,128,64,3,229,15812.0,conv.5,head,linear_in,0.8566142840923755,13.539020001888275,1.592707744240761,0.0410964563023299,2.1729860305786133,0.0009656767923802,0.0009457447154397,0.0009529384637846,0.0009656767923802,cvar,0.75,0.0251190738125624,5.417494839946721e-05,False,False,
conv.3:out:52,conv.3,1,52,128,64,3,229,15812.0,conv.5,head,linear_in,0.7585195298352101,13.790391048416495,1.3541643832577392,0.0306614424423059,2.010438203811645,0.002069129512281,0.0019468447243315,0.0020126206705993,0.002069129512281,cvar,0.75,0.0593237700679667,4.7971131408753486e-05,False,False,
conv.3:out:53,conv.3,1,53,128,64,3,229,15812.0,conv.5,head,linear_in,0.7194629559509368,13.616883368697016,0.2996084319167494,0.0014693151254978,2.36806583404541,0.0012452868466082,0.0012252856273994,0.0012338731716787,0.0012452868466082,cvar,0.75,0.0352735930133856,4.550107234701093e-05,False,False,
conv.3:out:54,conv.3,1,54,128,64,3,229,15812.0,conv.5,head,linear_in,0.4320930397751037,13.20451326109469,0.2030781256890577,0.0005652555051609,2.363515138626098,0.0005697690388009,0.0005579485406648,0.0005628094993569,0.0005697690388009,cvar,0.75,0.0058789321688976,2.7326906133006813e-05,False,False,
conv.3:out:55,conv.3,1,55,128,64,3,229,15812.0,conv.5,head,linear_in,0.6273088407024432,12.483545890077949,0.05601993076707,4.617894907417152e-05,1.5934019088745115,0.0002093505280918,0.0002075129217002,0.0002087041618962,0.0002093505280918,cvar,0.75,0.0010688967579813,3.9672959821808956e-05,False,False,
conv.3:out:56,conv.3,1,56,128,64,3,229,15812.0,conv.5,head,linear_in,0.5840979689127356,17.88240620493889,0.1948894549568649,0.0017549603530142,1.7329939603805542,0.0008386862641928,0.0007691736058534,0.0008060116258496,0.0008386862641928,cvar,0.75,0.01549900299073,3.694017005519451e-05,False,False,
conv.3:out:57,conv.3,1,57,128,64,3,229,15812.0,conv.5,head,linear_in,0.64984660155482,12.941325068473816,0.5479225635994226,0.0041122514070593,2.122471570968628,0.0010819610908847,0.0010497931157605,0.0010675932131389,0.0010819610908847,cvar,0.75,0.0304635576024693,4.109831783169871e-05,False,False,
conv.3:out:58,conv.3,1,58,128,64,3,229,15812.0,conv.5,head,linear_in,0.084444321139889,13.634212017059326,2.89088928909041,0.1183785159504623,2.2172274589538574,0.0015096955079426,0.0014811167599949,0.0014918496848176,0.0015096955079426,cvar,0.75,0.0475659057301715,5.340521195287693e-06,False,True,20.0
conv.3:out:59,conv.3,1,59,128,64,3,229,15812.0,conv.5,head,linear_in,0.4158074021706096,14.265048801898956,1.4086544185876846,0.0297568033216521,1.654981255531311,0.0008620233216307,0.0008417079027687,0.0008487239475293,0.0008620233216307,cvar,0.75,0.0197745900226555,2.6296951819542725e-05,False,False,
conv.3:out:60,conv.3,1,60,128,64,3,229,15812.0,conv.5,head,linear_in,0.0416141738618924,12.674085766077042,1.3752067035064102,0.0267838520681834,2.1863858699798584,0.001000603934226,0.0009656896465414,0.0009801646689288,0.001000603934226,cvar,0.75,0.0256535221915531,2.6318096295150774e-06,False,True,9.0
conv.3:out:61,conv.3,1,61,128,64,3,229,15812.0,conv.5,head,linear_in,0.4939908192445189,14.286986365914345,2.9218674496747554,0.1213811584719223,2.332667350769043,0.0018906579859234,0.0018452913269204,0.0018613327317263,0.0018906579859234,cvar,0.75,0.0571859765520039,3.124151399219067e-05,False,False,
conv.3:out:62,conv.3,1,62,128,64,3,229,15812.0,conv.5,head,linear_in,0.3298612123327853,13.567643098533154,1.2115226490423083,0.0238706556963734,2.4807846546173096,0.0017392736465737,0.0016941615578764,0.0017171747782227,0.0017392736465737,cvar,0.75,0.0555826314150318,2.0861447782240407e-05,False,False,
conv.3:out:63,conv.3,1,63,128,64,3,229,15812.0,conv.5,head,linear_in,0.1445241888660469,13.231003429740667,0.2321936397464014,0.0007162946606513,2.0423545837402344,0.0007808556349754,0.0007591215412689,0.0007724985550772,0.0007808556349754,cvar,0.75,0.0144301062327486,9.140158668482601e-06,False,True,36.0
conv.3:out:64,conv.3,1,64,128,64,3,229,15812.0,conv.5,head,linear_in,0.1034029677225516,14.46703027188778,2.775644975528121,0.10887562729622,1.9148787260055544,0.0016363780878852,0.0016131041359935,0.0016268724446663,0.0016363780878852,cvar,0.75,0.0523759411410877,6.539524900237263e-06,False,True,28.0
conv.3:out:65,conv.3,1,65,128,64,3,229,15812.0,conv.5,head,linear_in,0.587644572177712,13.574287049472332,0.6302620225585998,0.0053776358081449,2.020936250686645,0.0006492295148682,0.0006445515133049,0.0006463497499034,0.0006492295148682,cvar,0.75,0.0106889675798138,3.71644682631996e-05,False,False,
conv.3:out:66,conv.3,1,66,128,64,3,229,15812.0,conv.5,head,linear_in,0.1705929685368861,13.72117169201374,0.5386376233771444,0.0056714794161962,2.113102674484253,0.0013143175185799,0.0013106014968356,0.0013124381890186,0.0013143175185799,cvar,0.75,0.0406180768032925,1.0788829277566791e-05,False,True,43.0
conv.3:out:67,conv.3,1,67,128,64,3,229,15812.0,conv.5,head,linear_in,0.9251201183767972,13.463742602616549,0.7563553539104759,0.0091541334797511,1.8706395626068115,0.0008839511611101,0.000880793078814,0.0008823054320395,0.0008839511611101,cvar,0.75,0.022446831917609,5.850747017308356e-05,False,False,
conv.3:out:68,conv.3,1,68,128,64,3,229,15812.0,conv.5,head,linear_in,0.581061139700395,13.903084117919208,2.7196787882363425,0.1124145180348477,2.265773057937622,0.0010667097614886,0.0010126209432529,0.0010319752304785,0.0010667097614886,cvar,0.75,0.0277913157075159,3.6748111541891915e-05,False,False,
conv.3:out:69,conv.3,1,69,128,64,3,229,15812.0,conv.5,head,linear_in,0.346869804534837,13.82274316251278,1.0755293923430145,0.0152645512171147,1.8929314613342283,0.0008352457837083,0.0008039336886773,0.0008197536561281,0.0008352457837083,cvar,0.75,0.0165678997487114,2.1937123990313497e-05,False,False,
conv.3:out:70,conv.3,1,70,128,64,3,229,15812.0,conv.5,head,linear_in,0.5909154914814168,14.158407386392357,0.0568244345325183,0.000114253612694,2.0282278060913086,0.0006316886963514,0.0006225761917383,0.0006262296535558,0.0006316886963514,cvar,0.75,0.008551174063851,3.737133136108125e-05,False,False,
conv.3:out:71,conv.3,1,71,128,64,3,229,15812.0,conv.5,head,linear_in,0.0228038710296974,15.382394548505545,0.5025938018603483,0.0043452198889575,2.289577007293701,0.0010458961001801,0.0010151765161339,0.0010298041931527,0.0010458961001801,cvar,0.75,0.0272568673285252,1.4421876441751455e-06,False,True,5.0
conv.3:out:72,conv.3,1,72,128,64,3,229,15812.0,conv.5,head,linear_in,0.9585592132414452,12.978085208684206,0.1642093058173486,0.000473928011372,2.223071336746216,0.0008335910692192,0.0008313127726021,0.0008324013669847,0.0008335910692192,cvar,0.75,0.0192401416436648,6.062226241091862e-05,False,False,
conv.3:out:73,conv.3,1,73,128,64,3,229,15812.0,conv.5,head,linear_in,0.4823034369429002,13.233713269233704,2.354303406365216,0.0801055616626399,1.826159119606018,0.0009082063286133,0.0008836736110266,0.0008936447925028,0.0009082063286133,cvar,0.75,0.0235157286755904,3.0502367628566922e-05,False,False,
conv.3:out:74,conv.3,1,74,128,64,3,229,15812.0,conv.5,head,linear_in,0.7827352272502862,14.539448882453144,0.5913963819679339,0.0095325362209564,2.3664257526397705,0.0027297508185057,0.0026576424629676,0.0026980091938846,0.0027297508185057,cvar,0.75,0.065737150615855,4.950260733938061e-05,False,False,
conv.3:out:75,conv.3,1,75,128,64,3,229,15812.0,conv.5,head,linear_in,0.0827299999224385,13.086151886731386,0.4987912883050739,0.003492798955267,1.9739925861358645,0.0008369420870782,0.0008136777906951,0.0008283698102469,0.0008369420870782,cvar,0.75,0.0176367965066928,5.232102195954876e-06,False,True,19.0
conv.3:out:76,conv.3,1,76,128,64,3,229,15812.0,conv.5,head,linear_in,0.4866583308381603,13.163086455315351,0.3209908628254198,0.0016644845824657,2.034945487976074,0.0006158516975386,0.0006069424155971,0.0006126681033838,0.0006158516975386,cvar,0.75,0.0074822773058696,3.0777784646987114e-05,False,False,
conv.3:out:77,conv.3,1,77,128,64,3,229,15812.0,conv.5,head,linear_in,0.4907069943545209,14.785056501626968,1.5948640876449645,0.0399481316911988,2.301480293273926,0.0014933804223688,0.0014837962918446,0.001488669788276,0.0014933804223688,cvar,0.75,0.0464970089721901,3.103383470494061e-05,False,False,
conv.3:out:78,conv.3,1,78,128,64,3,229,15812.0,conv.5,head,linear_in,0.9378264549749828,15.319593377411366,0.8292073504067957,0.0095044918882194,1.9049910306930544,0.001120563288136,0.0011179850240833,0.0011192198797654,0.001120563288136,cvar,0.75,0.0326013511184321,5.931105837180514e-05,False,False,
conv.3:out:79,conv.3,1,79,128,64,3,229,15812.0,conv.5,head,linear_in,0.5717280523760754,12.995186038315296,0.8507197390310466,0.0115396700450219,2.405470371246338,0.0009318382943712,0.0009217322994995,0.0009251098284512,0.0009318382943712,cvar,0.75,0.0245846254335717,3.615785810625319e-05,False,False,
conv.3:out:80,conv.3,1,80,128,64,3,229,15812.0,conv.5,head,linear_in,0.4734894010569538,13.768402813002467,3.0144393258728086,0.1378008879662957,2.1581339836120605,0.0012763261797136,0.001256569922787,0.0012634165179405,0.0012763261797136,cvar,0.75,0.037945834908339,2.9944940618324932e-05,False,False,
conv.3:out:81,conv.3,1,81,128,64,3,229,15812.0,conv.5,head,linear_in,0.2669756630918936,13.65193173661828,0.6499580157105811,0.0062995330054491,2.2882046699523926,0.001989712728688,0.0019550340711022,0.0019776760091971,0.001989712728688,cvar,0.75,0.0577204249309946,1.68843702942002e-05,False,False,
conv.3:out:82,conv.3,1,82,128,64,3,229,15812.0,conv.5,head,linear_in,0.3315689973425522,12.83061496913433,0.2595814767759293,0.0008261957407739,2.2927803993225098,0.000901599929338,0.0008752972822506,0.0008912210667182,0.000901599929338,cvar,0.75,0.0229812802965997,2.0969453411494573e-05,False,False,
conv.3:out:83,conv.3,1,83,128,64,3,229,15812.0,conv.5,head,linear_in,0.5206724024715378,14.516490556299686,0.8737541484646499,0.0099398631195072,1.974302768707276,0.0013538227028037,0.0013361617024387,0.0013446133842614,0.0013538227028037,cvar,0.75,0.0422214219402645,3.2928940201842766e-05,False,False,
conv.3:out:84,conv.3,1,84,128,64,3,229,15812.0,conv.5,head,linear_in,0.4389114603050467,14.734436601400375,4.324016853421926,0.3306160246022046,2.011361122131348,0.001402589905947,0.0013592595400358,0.0013770173951895,0.001402589905947,cvar,0.75,0.0432903186982459,2.775812422875327e-05,False,False,
conv.3:out:85,conv.3,1,85,128,64,3,229,15812.0,conv.5,head,linear_in,0.0216120798803304,12.992895364761353,1.6147642886266111,0.0402677541831508,2.458185195922852,0.0011576363677169,0.0011244254567884,0.0011395558677091,0.0011576363677169,cvar,0.75,0.0331357994974228,1.3668150695883128e-06,False,True,2.0
conv.3:out:86,conv.3,1,86,128,64,3,229,15812.0,conv.5,head,linear_in,0.8262919241943578,12.426790468394756,0.6050267547369004,0.0057376813427254,2.079733371734619,0.0012638323562808,0.0012399541941409,0.0012533697578336,0.0012638323562808,cvar,0.75,0.0368769381503576,5.225726816306336e-05,False,False,
conv.3:out:87,conv.3,1,87,128,64,3,229,15812.0,conv.5,head,linear_in,0.8961607718397667,13.617796301841736,1.5337602563202382,0.031212782106013,2.250239610671997,0.0014425061181463,0.0014215529583608,0.001435070398802,0.0014425061181463,cvar,0.75,0.0443592154562273,5.667599113583144e-05,False,False,
conv.3:out:88,conv.3,1,88,128,64,3,229,15812.0,conv.5,head,linear_in,0.1402490889986107,15.626630499958992,1.384576817508787,0.0303654151975933,2.689976453781128,0.0014900974552123,0.0014876583175628,0.001488862751593,0.0014900974552123,cvar,0.75,0.0470314573511808,8.869788072262249e-06,False,True,34.0
conv.3:out:89,conv.3,1,89,128,64,3,229,15812.0,conv.5,head,linear_in,0.5540361435390494,13.435786485671995,3.793727433308959,0.2123499465136774,2.055697202682495,0.0015814845785435,0.0015733141772091,0.0015781317923001,0.0015814845785435,cvar,0.75,0.0513070443831063,3.503896683146025e-05,False,False,
conv.3:out:90,conv.3,1,90,128,64,3,229,15812.0,conv.5,head,linear_in,0.1085757411354435,14.89221964776516,0.421022476919461,0.0027034847460299,2.2010252475738525,0.0013222410512595,0.0012903222454937,0.0013095239576643,0.0013222410512595,cvar,0.75,0.0400836284243018,6.86666716009635e-06,False,True,30.0
conv.3:out:91,conv.3,1,91,128,64,3,229,15812.0,conv.5,head,linear_in,0.6722400930398117,12.764275208115578,0.0247112940748593,2.281995839780588e-05,2.3523569107055664,0.000279316482275,0.0002731888034001,0.0002758984340547,0.000279316482275,cvar,0.75,0.0026722418949534,4.251455179862204e-05,False,False,
conv.3:out:92,conv.3,1,92,128,64,3,229,15812.0,conv.5,head,linear_in,0.2812337838390083,14.234253637492657,2.670752695854753,0.1127288806077558,2.907362699508667,0.0026946356551271,0.0026538357264774,0.0026808695874886,0.0026946356551271,cvar,0.75,0.0652027022368643,1.7786098143119678e-05,False,False,
conv.3:out:93,conv.3,1,93,128,64,3,229,15812.0,conv.5,head,linear_in,0.6594226346919018,15.23015795648098,0.6672474339604377,0.4834313370287418,4.032155513763428,0.0078412692552442,0.007420537725689,0.0076717898193974,0.0078412692552442,cvar,0.75,0.0684093925108084,4.170393591524802e-05,False,False,
conv.3:out:94,conv.3,1,94,128,64,3,229,15812.0,conv.5,head,linear_in,0.7269946142868826,13.226524390280249,0.129779685405083,0.0002712143782218,1.8398113250732424,0.0008155443480892,0.000804731205253,0.0008113614700168,0.0008155443480892,cvar,0.75,0.0160334513697207,4.597739781728324e-05,False,False,
conv.3:out:95,conv.3,1,95,128,64,3,229,15812.0,conv.5,head,linear_in,0.768647491917657,13.90603405237198,2.389450373314321,0.0861442573484964,2.1784512996673584,0.0012771902772029,0.0012261520816197,0.0012532813358426,0.0012771902772029,cvar,0.75,0.0363424897713669,4.861165519337573e-05,False,False,
conv.3:out:96,conv.3,1,96,128,64,3,229,15812.0,conv.5,head,linear_in,0.1077409459558965,15.482454299926758,2.389023655653,0.0873616422060877,2.211559772491455,0.0010865223425038,0.0010331670813696,0.0010614392540478,0.0010865223425038,cvar,0.75,0.0299291092234786,6.813872119649412e-06,False,True,29.0
conv.3:out:97,conv.3,1,97,128,64,3,229,15812.0,conv.5,head,linear_in,0.916011845137608,15.397089764475822,0.0386525541660375,2.645552222020342e-05,1.915214896202088,0.000466969151258,0.0004089020149219,0.0004303304093777,0.000466969151258,cvar,0.75,0.0037411386529348,5.7931434678573746e-05,False,False,
conv.3:out:98,conv.3,1,98,128,64,3,229,15812.0,conv.5,head,linear_in,0.2302139908948808,14.222507372498512,0.4775653779506683,0.0038990289671346,2.2275118827819824,0.0010965378167112,0.0010856683121884,0.0010903162202855,0.0010965378167112,cvar,0.75,0.0315324543604507,1.4559447944275284e-05,False,False,
conv.3:out:99,conv.3,1,99,128,64,3,229,15812.0,conv.5,head,linear_in,0.0374125561761797,15.716624282300472,0.5092791868373752,0.0052488557883407,2.434932470321656,0.0015285958540165,0.0014973623176224,0.0015154111698587,0.0015285958540165,cvar,0.75,0.0491692508671435,2.3660862747394196e-06,False,True,8.0
conv.3:out:100,conv.3,1,100,128,64,3,229,15812.0,conv.5,head,linear_in,0.5548524693914834,12.703317523002625,0.9043505972251296,0.0129397136974148,1.653655767440796,0.0007634964528076,0.0007567346977813,0.0007594493786404,0.0007634964528076,cvar,0.75,0.0138956578537579,3.509059381428556e-05,False,False,
conv.3:out:101,conv.3,1,101,128,64,3,229,15812.0,conv.5,head,linear_in,0.3709222838624387,13.484056130051613,1.9624547708779567,0.0800094607227947,2.245380401611328,0.0017172166440133,0.0016608940896085,0.0016884570035556,0.0017172166440133,cvar,0.75,0.0545137346570504,2.3458277502051524e-05,False,False,
conv.3:out:102,conv.3,1,102,128,64,3,229,15812.0,conv.5,head,linear_in,0.8297897431324132,14.521178133785725,1.3912513902410866,0.0330513703986071,2.267237901687622,0.0012692836175627,0.0012421558400291,0.0012564002118098,0.0012692836175627,cvar,0.75,0.0374113865293483,5.247848109868537e-05,False,False,
conv.3:out:103,conv.3,1,103,128,64,3,229,15812.0,conv.5,head,linear_in,0.8082514720643018,14.464983493089676,1.2725764114409686,0.0282762278919108,2.03827166557312,0.002035507369279,0.0020184476482834,0.0020288981483342,0.002035507369279,cvar,0.75,0.0598582184469573,5.1116333927668974e-05,False,False,
conv.3:out:104,conv.3,1,104,128,64,3,229,15812.0,conv.5,head,linear_in,0.3171388928227153,14.569801479578018,1.90661648735404,0.0585566872148774,2.527559518814087,0.0023579866884969,0.0023166232047776,0.0023396526001557,0.0023579866884969,cvar,0.75,0.0625304603419108,2.005684877452032e-05,False,False,
conv.3:out:105,conv.3,1,105,128,64,3,229,15812.0,conv.5,head,linear_in,0.952899395069745,13.641517736017704,1.0526723571121692,0.0163087050503236,2.187581777572632,0.000684406723459,0.0006730506134521,0.0006768416542641,0.000684406723459,cvar,0.75,0.0122923127167858,6.026431792750727e-05,False,False,
conv.3:out:106,conv.3,1,106,128,64,3,229,15812.0,conv.5,head,linear_in,0.2909178381401186,14.771574050188065,2.766878676135093,0.0991605127113871,2.330108642578125,0.0028460786292471,0.0027896481055145,0.0028109064610177,0.0028460786292471,cvar,0.75,0.067340495752827,1.839854782065005e-05,False,False,
conv.3:out:107,conv.3,1,107,128,64,3,229,15812.0,conv.5,head,linear_in,0.5150571292317145,13.281900972127914,0.3718957711476832,0.0032541262145969,1.6168071031570437,0.000478434558984,0.0004588220378848,0.0004682949855343,0.000478434558984,cvar,0.75,0.0042755870319255,3.257381287830221e-05,False,False,
conv.3:out:108,conv.3,1,108,128,64,3,229,15812.0,conv.5,head,linear_in,0.2559650905676027,14.257754176855087,0.7998617958277464,0.010773831186816,2.228778123855591,0.0027478307306839,0.0026617759287168,0.0027033779767563,0.0027478307306839,cvar,0.75,0.0662715989948456,1.6188027483405178e-05,False,False,
conv.3:out:109,conv.3,1,109,128,64,3,229,15812.0,conv.5,head,linear_in,0.9360435700489632,13.462667524814606,1.4871460370719434,0.038169439844205,1.9531328678131104,0.0025169651172111,0.0024276132454587,0.0024816972110216,0.0025169651172111,cvar,0.75,0.0641338054788829,5.9198303190549155e-05,False,False,
conv.3:out:110,conv.3,1,110,128,64,3,229,15812.0,conv.5,head,linear_in,0.1646078175820181,13.85234422981739,0.2397759138955734,0.0015340074563596,2.1636290550231934,0.000218313426147,0.0002117861738659,0.0002153256354547,0.000218313426147,cvar,0.75,0.001603345136972,1.041030973830117e-05,False,True,41.0
conv.3:out:111,conv.3,1,111,128,64,3,229,15812.0,conv.5,head,linear_in,0.0449106193923289,14.61428851634264,0.3122829621657729,0.0021116125288244,2.091603755950928,0.0014548139202552,0.0014232267424796,0.0014415973758052,0.0014548139202552,cvar,0.75,0.044893663835218,2.840287085272508e-06,False,True,10.0
conv.3:out:112,conv.3,1,112,128,64,3,229,15812.0,conv.5,head,linear_in,0.4350970600030379,14.584321610163895,3.878305827337317,0.1976554851697073,2.4007890224456787,0.002377633387137,0.0023395530995414,0.0023532869928952,0.002377633387137,cvar,0.75,0.0630649087209015,2.7516889704214387e-05,False,False,
conv.3:out:113,conv.3,1,113,128,64,3,229,15812.0,conv.5,head,linear_in,0.992375564055837,13.209639772772787,0.4875925935804844,0.003541669826518,2.04793667793274,0.0008872616414751,0.0008611832829758,0.000874486789417,0.0008872616414751,cvar,0.75,0.0213779351596276,6.276091348696161e-05,False,False,
conv.3:out:114,conv.3,1,114,128,64,3,229,15812.0,conv.5,head,linear_in,0.891677266254914,14.396107725799084,1.465606413036585,0.0261525844223797,2.5315921306610107,0.0015512556783369,0.0015340593568436,0.0015420408122104,0.0015512556783369,cvar,0.75,0.0502381476251249,5.6392440314629014e-05,False,False,
conv.3:out:115,conv.3,1,115,128,64,3,229,15812.0,conv.5,head,linear_in,0.7486080194569492,13.314254576340318,0.6512739202240482,0.0051654099083862,2.2781286239624023,0.0007048983859079,0.0007032570070204,0.0007042818528902,0.0007048983859079,cvar,0.75,0.0133612094747672,4.734429670231149e-05,False,False,
conv.3:out:116,conv.3,1,116,128,64,3,229,15812.0,conv.5,head,linear_in,0.8907924908785249,14.791957914829254,2.468227583542466,0.0801461778813973,2.12548565864563,0.0015303654523325,0.0015089674672296,0.0015204276805346,0.0015303654523325,cvar,0.75,0.0497036992461342,5.633648437127023e-05,False,False,
conv.3:out:117,conv.3,1,117,128,64,3,229,15812.0,conv.5,head,linear_in,0.8934466396978632,13.169090807437897,1.924236396001652,0.0780778840402945,1.896185278892517,0.000788286863966,0.0007824567222789,0.0007856272178587,0.000788286863966,cvar,0.75,0.0149645546117393,5.650434098772219e-05,False,False,
conv.3:out:118,conv.3,1,118,128,64,3,229,15812.0,conv.5,head,linear_in,0.5188583603864491,14.3485160022974,1.6069035943131893,0.0519151083779434,2.4212396144866943,0.0016889496193947,0.0016380848024951,0.001659808941422,0.0016889496193947,cvar,0.75,0.0534448378990691,3.281421454505749e-05,False,False,
conv.3:out:119,conv.3,1,119,128,64,3,229,15812.0,conv.5,head,linear_in,0.315929051830793,14.33134537935257,2.4532135970890523,0.1074935493757948,2.6214523315429688,0.0032427623308876,0.0032144012111096,0.0032300008339957,0.0032427623308876,cvar,0.75,0.0678749441318177,1.9980334671818428e-05,False,False,
conv.3:out:120,conv.3,1,120,128,64,3,229,15812.0,conv.5,head,linear_in,0.772012432110988,15.264010936021805,6.49116538092494,0.7330820322968066,2.2429513931274414,0.0021930079552706,0.0021561335957835,0.0021694481768585,0.0021930079552706,cvar,0.75,0.0614615635839294,4.882446446439337e-05,False,False,
conv.3:out:121,conv.3,1,121,128,64,3,229,15812.0,conv.5,head,linear_in,0.6616612631677611,13.626789420843124,0.4673901406582444,0.0037710574639277,2.177007913589477,0.0010575002669387,0.0010412588860839,0.001050806021443,0.0010575002669387,cvar,0.75,0.029394660844488,4.184551373436384e-05,False,False,
conv.3:out:122,conv.3,1,122,128,64,3,229,15812.0,conv.5,head,linear_in,0.37365772887371,13.738687633536756,2.5864990879781544,0.081661409300159,2.113098382949829,0.001025052757427,0.001020281401591,0.0010223675796841,0.001025052757427,cvar,0.75,0.0267224189495345,2.3631275542228057e-05,False,False,
conv.3:out:123,conv.3,1,123,128,64,3,229,15812.0,conv.5,head,linear_in,0.0944666680615152,14.585540935397148,0.9658428561873734,0.0131904617941472,2.198671817779541,0.0012985199605838,0.0012746000509537,0.0012887368072543,0.0012985199605838,cvar,0.75,0.0384802832873297,5.974365549045991e-06,False,True,24.0
conv.3:out:124,conv.3,1,124,128,64,3,229,15812.0,conv.5,head,linear_in,0.746789611349026,14.50644239783287,0.189199725302933,0.0010891994998867,2.215264081954956,0.0014093717878442,0.0013988703093545,0.0014038569370648,0.0014093717878442,cvar,0.75,0.0438247670772366,4.7229294924679105e-05,False,False,
conv.3:out:125,conv.3,1,125,128,64,3,229,15812.0,conv.5,head,linear_in,0.2624605159228647,13.7404732555151,3.5977574113756416,0.1712901693303138,1.974165916442871,0.0013290665615922,0.0013084447903439,0.0013166975414723,0.0013290665615922,cvar,0.75,0.0416869735612739,1.659881836091985e-05,False,False,
conv.3:out:126,conv.3,1,126,128,64,3,229,15812.0,conv.5,head,linear_in,0.9368131505337792,13.494422867894173,0.0007209004622609,3.1912656119027424e-08,2.256096124649048,1.985866092033943e-05,1.80900379684133e-05,1.8793559793734043e-05,1.985866092033943e-05,cvar,0.75,0.0005344483789906,5.9246973851111767e-05,False,False,
conv.3:out:127,conv.3,1,127,128,64,3,229,15812.0,conv.5,head,linear_in,0.2409705750056847,14.34402897208929,0.2794053934980184,0.0014286709208136,2.7464370727539062,0.0009995759837467,0.0009752044485599,0.0009844829313196,0.0009995759837467,cvar,0.75,0.0261879705705438,1.523972773878603e-05,False,False,
