group_id,module_path,channel_index,flops_cost,magnitude,taylor,fisher,sbl_raw,sem_rank,v_c,random
conv.0:out:0,conv.0,0,31734.0,0.61270607,0.2987837812925136,0.03966627716659277,0.4493661734793477,0.359375,72.07205412926035,0.5118216247002567
conv.0:out:1,conv.0,1,31734.0,0.94311166,0.34803730528074084,0.02061602638400195,0.5780654935122129,0.515625,103.4077298376344,0.9504636963259353
conv.0:out:2,conv.0,2,31734.0,0.5387346,0.5554913095347729,0.08641989547893592,0.6070549265727063,0.546875,109.67486497930922,0.14415961271963373
conv.0:out:3,conv.0,3,31734.0,0.6300147,18.188437243108638,104.24939203970212,4.954630236996763,0.9375,188.01405425024439,0.9486494471372439
conv.0:out:4,conv.0,4,31734.0,0.63513255,120.69012051833124,8694.708003200823,21.171522538962563,0.984375,197.4147569627566,0.31183145201048545
conv.0:out:5,conv.0,5,31734.0,0.60715157,0.38410929203018895,0.0758282417392433,0.6864292924508675,0.59375,119.07556769182145,0.42332644897257565
conv.0:out:6,conv.0,6,31734.0,0.7398342,0.5034555484890006,0.8299159422094542,0.21190251272864202,0.125,25.06854056669925,0.8277025938204418
conv.0:out:7,conv.0,7,31734.0,0.698591,0.08916594013862778,0.0036992067795531547,0.16970108350290047,0.046875,9.400702712512219,0.4091991363691613
conv.0:out:8,conv.0,8,31734.0,0.8154459,1.7266229567103437,7.961032844342878,0.7850741621378816,0.640625,128.47627040433366,0.5495936876730595
conv.0:out:9,conv.0,9,31734.0,0.5443833,0.3990781112515833,0.043206560053803855,0.3990774622761819,0.28125,56.40421627507332,0.027559113243068367
conv.0:out:10,conv.0,10,31734.0,0.51400024,3.2725908417487517,2.4051907839511433,1.2318307199846004,0.765625,153.54481097103292,0.7535131086748066
conv.0:out:11,conv.0,11,31734.0,0.7774298,10.904847479272576,132.04927507077088,7.078444065235999,0.953125,191.1476218210818,0.5381433132192782
conv.0:out:12,conv.0,12,31734.0,0.4580336,0.2778106565510825,0.0309188916315698,0.22262114574343173,0.140625,28.20210813753666,0.32973171649909216
conv.0:out:13,conv.0,13,31734.0,0.87971705,5.054724845191231,5.914102246506388,1.2053244717432108,0.75,150.4112434001955,0.7884287034284043
conv.0:out:14,conv.0,14,31734.0,0.40570223,0.114614941925538,0.013743419012850921,0.5030477021533102,0.4375,87.73989198344738,0.303194829291645
conv.0:out:15,conv.0,15,31734.0,0.7740321,2.396039436422143,0.8973741806679123,0.7402527465796993,0.625,125.34270283349626,0.4534978894806515
conv.0:out:16,conv.0,16,31734.0,0.45962918,0.09955094623364857,0.256682652498059,0.25352777477633026,0.15625,31.335675708374065,0.13404169724716475
conv.0:out:17,conv.0,17,31734.0,0.5360453,0.7225202881672885,1.6823956239287092,0.4945422408764131,0.40625,81.47275684177256,0.40311298644712923
conv.0:out:18,conv.0,18,31734.0,0.7101033,0.08299573997646803,0.012042118773192279,0.4037950476304104,0.296875,59.537783845910724,0.20345524067614962
conv.0:out:19,conv.0,19,31734.0,0.4105122,2.403735877807776,1.5609713296407624,1.150412019216219,0.71875,144.1441082585207,0.2623133404418495
conv.0:out:20,conv.0,20,31734.0,0.6969945,0.30419630859978497,0.046579732973206944,0.9961556328024699,0.703125,141.0105406876833,0.7503646726300526
conv.0:out:21,conv.0,21,31734.0,0.49416742,0.3772423402406275,0.05499041931923898,0.21089136002728992,0.109375,21.934972995861845,0.2804087579860399
conv.0:out:22,conv.0,22,31734.0,0.64659756,46.41523442676953,386.7766241246523,7.764571655544842,0.96875,194.2811893919192,0.48519097443163506
conv.0:out:23,conv.0,23,31734.0,0.26210544,0.36633256749337306,0.034591600405641465,0.3460079314063549,0.234375,47.003513562561096,0.9807371998012386
conv.0:out:24,conv.0,24,31734.0,0.77302635,0.7455940820923388,0.5233871257314444,0.31593623386009995,0.21875,43.86994599172369,0.9616571936637868
conv.0:out:25,conv.0,25,31734.0,0.45784333,6.3551410818472505,5.924851619379112,1.4919067630686982,0.828125,166.07908125438254,0.7247899407735336
conv.0:out:26,conv.0,26,31734.0,0.6442115,10.47919316677826,27.069320896739185,3.1719721773249603,0.90625,181.74691910856959,0.5412268555474342
conv.0:out:27,conv.0,27,31734.0,0.42621323,0.4348255240256549,0.13905314608160824,0.2006926015068018,0.09375,18.801405425024438,0.2768912040453708
conv.0:out:28,conv.0,28,31734.0,0.4372907,1.811706067295745,0.799199253255324,0.6751722795616502,0.578125,115.94200012098403,0.16065200877512686
conv.0:out:29,conv.0,29,31734.0,0.26923826,1.0084877179551768,0.48318624760217727,0.5210759335835746,0.453125,90.87345955428479,0.9699254132161326
conv.0:out:30,conv.0,30,31734.0,0.48324248,0.9138344610109925,0.6676071483704504,0.5920584424557092,0.53125,106.54129740847182,0.5160685855478787
conv.0:out:31,conv.0,31,31734.0,0.33564746,8.064300033758627,90.3896396635833,2.4978163464664362,0.875,175.47978396689476,0.11586561247077032
conv.0:out:32,conv.0,32,31734.0,0.6214572,2.471255840760932,4.6396827391366156,0.6950100957483301,0.609375,122.20913526265885,0.6234897555375004
conv.0:out:33,conv.0,33,31734.0,0.63377,140.4261179243731,2964.859238670377,23.910343467316125,1.0,200.548324533594,0.776683114342298
conv.0:out:34,conv.0,34,31734.0,0.6162815,0.3578136121823263,0.2461293524460777,0.4524706051584577,0.375,75.20562170009775,0.6130033010530405
conv.0:out:35,conv.0,35,31734.0,0.56892234,4.70290134489187,52.7762024106279,4.707849801221698,0.921875,184.88048667940697,0.9172977047909027
conv.0:out:36,conv.0,36,31734.0,0.42410412,6.533408630686608,5.1785672232483595,1.2735003873084452,0.78125,156.67837854187033,0.03959287666420286
conv.0:out:37,conv.0,37,31734.0,0.61461836,1.3206999654357787,4.472701938495845,1.4450091744872964,0.8125,162.94551368354513,0.5285892632600216
conv.0:out:38,conv.0,38,31734.0,0.5175429,9.702407473007042,29.131964850230627,1.8778976492031916,0.84375,169.21264882521996,0.4593358828854037
conv.0:out:39,conv.0,39,31734.0,0.12079715,0.06713919476409558,0.00024386153903125526,0.091521482224735,0.015625,3.1335675708374064,0.0623495791498756
conv.0:out:40,conv.0,40,31734.0,0.33201817,0.8392413557812688,0.5651268934696922,0.4269033705706988,0.328125,65.80491898758554,0.641328169139375
conv.0:out:41,conv.0,41,31734.0,0.7475768,0.4465551780667738,0.0744314228955334,0.8918543885567942,0.671875,134.7434055460085,0.8526328384806567
conv.0:out:42,conv.0,42,31734.0,0.53871864,10.714027877780609,22.87875247202902,2.763144154888437,0.890625,178.61335153773217,0.592941018104284
conv.0:out:43,conv.0,43,31734.0,0.6863863,0.7514773547954974,0.18094929617686617,0.25601247465829147,0.171875,34.46924327921147,0.2600974477372232
conv.0:out:44,conv.0,44,31734.0,0.5887066,1.3250393908892875,0.18250365127754264,0.41499703762815443,0.3125,62.67135141674813,0.8398815210314088
conv.0:out:45,conv.0,45,31734.0,0.3896465,0.695886398316361,0.13143169248354525,0.500685133806428,0.421875,84.60632441260998,0.5094958815215094
conv.0:out:46,conv.0,46,31734.0,0.39256054,1.4231914196843718,0.5041700361345027,0.535879725382971,0.5,100.274162266797,0.510888884466533
conv.0:out:47,conv.0,47,31734.0,0.68472624,3.927674142494652,1.9189797143922442,1.3926355712357292,0.796875,159.81194611270772,0.7530302077021779
conv.0:out:48,conv.0,48,31734.0,0.437974,14.075738710656879,260.6138702549885,1.9429966299699686,0.859375,172.34621639605734,0.14792203578495655
conv.0:out:49,conv.0,49,31734.0,0.42075297,1.0112907921502483,0.9072469594613342,0.28927257293514685,0.1875,37.602810850048876,0.819626719119277
conv.0:out:50,conv.0,50,31734.0,0.51606256,0.5537510871145059,0.0581090522858137,0.533129929558072,0.484375,97.1405946959596,0.6832869060032571
conv.0:out:51,conv.0,51,31734.0,0.6432461,0.23571610274666455,0.03136361559649181,0.18746049227826234,0.0625,12.534270283349626,0.787096941554801
conv.0:out:52,conv.0,52,31734.0,0.18168359,0.12181833112845197,0.032791701752035385,0.1124756434616927,0.03125,6.267135141674813,0.19161625902013524
conv.0:out:53,conv.0,53,31734.0,0.5166332,0.3166528645269864,0.06364554975966641,0.8771539203489169,0.65625,131.60983797517108,0.80236416113453
conv.0:out:54,conv.0,54,31734.0,0.8247857,2.2443892167357262,2.7544932114225453,0.6734270518849712,0.5625,112.80843255014663,0.19132392605720028
conv.0:out:55,conv.0,55,31734.0,0.6199979,0.2590189150723745,0.0126204788593558,0.43371698243083756,0.34375,68.93848655842294,0.08155261736351271
conv.0:out:56,conv.0,56,31734.0,0.5749627,3.6419993401286774,2.125439860319366,1.1703867157982586,0.734375,147.27767582935812,0.8552269742870702
conv.0:out:57,conv.0,57,31734.0,0.7539191,0.5017364138548146,0.368678985075924,0.19180385958964052,0.078125,15.667837854187033,0.8612834961776684
conv.0:out:58,conv.0,58,31734.0,0.70787406,0.7906020034533867,1.9063333947009387,0.2983388031755112,0.203125,40.73637842088628,0.8765370964165805
conv.0:out:59,conv.0,59,31734.0,0.6264073,2.2357489641726715,0.9785825564801491,0.34823815815883563,0.25,50.1370811333985,0.4719097193587902
conv.0:out:60,conv.0,60,31734.0,0.36814055,1.7693808192416327,0.5576975399387951,0.9861280721753474,0.6875,137.87697311684587,0.2740483886137183
conv.0:out:61,conv.0,61,31734.0,0.32570064,0.31107902458825265,0.01752453773063456,0.4913546069988399,0.390625,78.33918927093517,0.007091828603166261
conv.0:out:62,conv.0,62,31734.0,0.7131713,0.3996043482875393,0.04245560658805125,0.3895938425494023,0.265625,53.27064870423591,0.6457208955749478
conv.0:out:63,conv.0,63,31734.0,0.7593329,2.3210763958777534,11.131333089942437,0.5321510674883854,0.46875,94.00702712512219,0.719909383508693
conv.3:out:0,conv.3,0,31104.0,1.2665414,0.4049075648217695,0.09882769338417541,0.5397360155183151,0.796875,0.490321155693255,0.8355692165002742
conv.3:out:1,conv.3,1,31104.0,1.2214357,0.010638689558163605,9.677294327818621e-05,0.04270888628706615,0.0234375,0.014421210461566324,0.28187782736454214
conv.3:out:2,conv.3,2,31104.0,1.4353473,0.2680998445430305,0.00873556205698911,0.5379551141745651,0.7890625,0.48551408553939956,0.2152181671629736
conv.3:out:3,conv.3,3,31104.0,1.3115462,0.3042608587675204,0.037094888368208734,0.2158284525366696,0.328125,0.20189694646192854,0.6393313800665879
conv.3:out:4,conv.3,4,31104.0,1.350336,0.15524911576358136,0.02906154656637472,0.29339096033973533,0.53125,0.32688077046217,0.8050548331450097
conv.3:out:5,conv.3,5,31104.0,1.3188782,0.6726585958967917,0.04950398006922718,0.4502048675442438,0.734375,0.4518645944624115,0.9636708728449709
conv.3:out:6,conv.3,6,31104.0,1.4360873,1.8984410107223084,0.395076193220012,0.7415398909379292,0.9140625,0.5624272080010867,0.15052483042117748
conv.3:out:7,conv.3,7,31104.0,1.5191455,0.6230503304686863,0.11986922920448695,0.6212288060917217,0.8359375,0.5143565064625323,0.48221238819933654
conv.3:out:8,conv.3,8,31104.0,1.1878659,0.4773996869826078,0.026310404597517767,0.4103136540616106,0.703125,0.43263631384698975,0.8947158621961735
conv.3:out:9,conv.3,9,31104.0,1.3169804,0.10515481329457543,0.000386553143797725,0.05065720462573253,0.046875,0.028842420923132647,0.4227169069454373
conv.3:out:10,conv.3,10,31104.0,1.7352848,3.073574700341851,2.738230139581733,0.776770762496696,0.9375,0.576848418462653,0.5895020620840481
conv.3:out:11,conv.3,11,31104.0,1.3543049,1.50869287063324,3.7576717974151297,0.6723937232576418,0.8828125,0.5431989273856649,0.0244906774933632
conv.3:out:12,conv.3,12,31104.0,1.4456562,0.39635890680074226,0.03367515799021881,0.3432730250037821,0.640625,0.3941797526161462,0.6734598871529389
conv.3:out:13,conv.3,13,31104.0,1.4000753,0.5062085756562738,0.03570355668608172,0.344366590844686,0.6484375,0.39898682277000164,0.9190886196338225
conv.3:out:14,conv.3,14,31104.0,1.3081257,0.9859239188754145,0.03144545406515695,0.5294183925573179,0.7734375,0.4758999452316887,0.8268253295567211
conv.3:out:15,conv.3,15,31104.0,1.4546486,0.27583986873241884,0.012343710771572813,0.27109318958798667,0.46875,0.2884242092313265,0.8855202667099468
conv.3:out:16,conv.3,16,31104.0,1.2118518,0.15510216604161542,0.0010762627953508908,0.1751000465522452,0.2265625,0.1394050344618078,0.6603553805205233
conv.3:out:17,conv.3,17,31104.0,1.2159492,0.13356614682561485,0.02605975853829834,0.2641025846738785,0.4375,0.26919592861590474,0.24555226724317758
conv.3:out:18,conv.3,18,31104.0,1.3378952,1.3656076493498404,1.0969975839445834,0.5605051902884952,0.8046875,0.49512822584711047,0.7685169988962544
conv.3:out:19,conv.3,19,31104.0,1.345311,0.519997245468403,0.03227756624398026,0.4630082202460244,0.7421875,0.45667166461626696,0.2116747426075105
conv.3:out:20,conv.3,20,31104.0,1.2575681,0.13934978496627082,0.003172429731959192,0.177648356376352,0.234375,0.14421210461566325,0.8312748346644612
conv.3:out:21,conv.3,21,31104.0,1.2745425,0.13730281932657817,0.020956379771600808,0.38907494382692676,0.6875,0.42302217353927885,0.06271792257076825
conv.3:out:22,conv.3,22,31104.0,1.4034461,0.4297865675544017,0.010680875242462307,0.18539499136301174,0.265625,0.163440385231085,0.8254878133935558
conv.3:out:23,conv.3,23,31104.0,1.2709572,0.8753410307035665,0.019766793159510687,0.5101406079102162,0.765625,0.47109287507783326,0.1645072664741013
conv.3:out:24,conv.3,24,31104.0,1.3187584,0.09679304403834976,0.00040272345031355794,0.09296604322094026,0.1015625,0.06249191200012074,0.37514699649664185
conv.3:out:25,conv.3,25,31104.0,1.4312271,0.29882352930144407,0.03754045006407303,0.2468867577795888,0.40625,0.24996764800048296,0.3167381665569643
conv.3:out:26,conv.3,26,31104.0,1.3669659,3.6972849555604625,0.6561954400715879,0.8614807702883809,0.953125,0.5864625587703639,0.6913370352777413
conv.3:out:27,conv.3,27,31104.0,1.533639,1.39200186241942,0.08109954698614286,0.4823863666965309,0.7578125,0.4662858049239778,0.17857187817437192
conv.3:out:28,conv.3,28,31104.0,1.2888876,0.4449329521667096,0.05415747197852738,0.33434481113801695,0.625,0.38456561230843533,0.39625616221698645
conv.3:out:29,conv.3,29,31104.0,1.4121879,0.5579815836590569,0.011198049075088479,0.22585526565603686,0.3515625,0.21631815692349488,0.0058245951079809455
conv.3:out:30,conv.3,30,31104.0,1.4946508,3.114196624228498,8.92516504743103,1.1801694322720095,0.9921875,0.6104979095396411,0.2624947127501015
conv.3:out:31,conv.3,31,31104.0,1.4077471,0.17719596844472107,0.009372811396143543,0.32248375265248796,0.59375,0.3653373316930136,0.42118881422895527
conv.3:out:32,conv.3,32,31104.0,1.3172519,0.18388104856785503,0.0010064711063906273,0.25754835270089416,0.4296875,0.2643888584620493,0.10592123670732445
conv.3:out:33,conv.3,33,31104.0,1.2125986,0.6679314259490639,0.009421785197891663,0.14511783454491933,0.1796875,0.11056261353867515,0.6331599460365578
conv.3:out:34,conv.3,34,31104.0,1.2282772,0.2827390164384269,0.002697591705713265,0.6187331921275927,0.828125,0.5095494363086768,0.38042426988653233
conv.3:out:35,conv.3,35,31104.0,1.5328083,1.1237442525234655,0.04140386642397598,0.289461409107048,0.515625,0.31726663015445916,0.7252939380762389
conv.3:out:36,conv.3,36,31104.0,1.3597939,3.7239668871770846,2.511035734575433,0.8511501295851076,0.9453125,0.5816554886165084,0.6538660110683944
conv.3:out:37,conv.3,37,31104.0,1.3037266,0.37586709050810896,0.006777526375796095,0.29627419748885586,0.546875,0.3364949107698809,0.4312267487774062
conv.3:out:38,conv.3,38,31104.0,1.3329515,0.08421991621344205,0.0015647290304098282,0.0841788369035612,0.09375,0.057684841846265295,0.8673205056421992
conv.3:out:39,conv.3,39,31104.0,1.3776518,0.2980657700136362,0.006928206607221821,0.3045223873349414,0.5625,0.34610905107759177,0.632135117500167
conv.3:out:40,conv.3,40,31104.0,1.1457167,0.10723949561725021,0.0014275626411298786,0.1451423191618595,0.1875,0.11536968369253059,0.8102743521062991
conv.3:out:41,conv.3,41,31104.0,1.4780242,1.1842123775786604,0.41411238324793387,0.3524736634364274,0.6640625,0.40860096307771254,0.341794723940113
conv.3:out:42,conv.3,42,31104.0,1.2346833,0.16546875047970389,0.004633443609207921,0.22062868997081608,0.3359375,0.206704016615784,0.5436692896684556
conv.3:out:43,conv.3,43,31104.0,1.2807543,0.5509916727314703,0.03108899277253263,0.9409348084179783,0.96875,0.5960766990780747,0.1962968851147534
conv.3:out:44,conv.3,44,31104.0,1.3854848,0.32098689637859934,0.017536235792480648,0.6367937801795307,0.8515625,0.5239706467702431,0.9961411901186279
conv.3:out:45,conv.3,45,31104.0,1.2774847,0.15074382841157785,0.002336334811138735,0.1107781173216722,0.1328125,0.0817201926155425,0.24321546430632712
conv.3:out:46,conv.3,46,31104.0,1.1403533,0.47382967834710144,0.011198636125716366,0.26572295980429317,0.4453125,0.27400299876976014,0.25686746722710274
conv.3:out:47,conv.3,47,31104.0,1.5621344,3.2436519627190137,10.675602030799359,0.9023856271517161,0.9609375,0.5912696289242193,0.07319007239096598
conv.3:out:48,conv.3,48,31104.0,1.3778639,0.3454015686584171,0.016460746892339007,0.25509370781628604,0.421875,0.25958178830819384,0.2578031189967366
conv.3:out:49,conv.3,49,31104.0,1.7035247,0.9125003743865818,0.09576700493166257,0.27274454598853026,0.4765625,0.29323127938518195,0.7631285325440532
conv.3:out:50,conv.3,50,31104.0,1.5302796,1.2297771456360351,2.3704009458519817,0.6505771799118634,0.8671875,0.533584787077954,0.6978935706830813
conv.3:out:51,conv.3,51,31104.0,1.2088215,0.04668159929315152,0.00030775077264705297,0.04473286541472987,0.03125,0.019228280615421766,0.12867321231716944
conv.3:out:52,conv.3,52,31104.0,1.1685853,0.1269365011175978,0.0016347457166537571,0.07676307617380296,0.0859375,0.052877771692409856,0.37623850142809423
conv.3:out:53,conv.3,53,31104.0,1.3028316,0.22552247255953262,0.0064866920983406295,0.26674388363181833,0.453125,0.2788100689236156,0.4209213946174629
conv.3:out:54,conv.3,54,31104.0,1.3243114,0.46484842109202873,0.005078207485294861,0.2310925174109002,0.375,0.23073936738506118,0.6649842463619607
conv.3:out:55,conv.3,55,31104.0,1.5367031,6.379339089653513,12.128721533837933,1.3565451884854838,1.0,0.6153049796934965,0.45592896304374886
conv.3:out:56,conv.3,56,31104.0,1.2415727,0.19388590632297564,0.002495291815681422,0.33432638120271463,0.6171875,0.3797585421545799,0.5865183268255314
conv.3:out:57,conv.3,57,31104.0,1.2437577,0.19999321846989915,0.03815855033462626,0.7074638278661496,0.890625,0.5480059975395203,0.8396846036089424
conv.3:out:58,conv.3,58,31104.0,1.5684578,0.14017333754600259,0.0019834424477122026,0.17884118961208628,0.2421875,0.14901917476951868,0.7264736103123705
conv.3:out:59,conv.3,59,31104.0,1.7083784,0.45676835847552866,0.032131374930539636,0.3485926857138111,0.65625,0.4037938929238571,0.36500726350855894
conv.3:out:60,conv.3,60,31104.0,1.3601885,0.16351003682939336,0.030653032856093887,0.3407381854879077,0.6328125,0.3893726824622908,0.44839630934448427
conv.3:out:61,conv.3,61,31104.0,1.3268414,1.5560730282450095,0.8601496512890479,0.771942307381714,0.9296875,0.5720413483087975,0.3676995696900066
conv.3:out:62,conv.3,62,31104.0,1.2993737,0.33435000746976584,0.008519921721590551,0.3078942863553493,0.5703125,0.3509161212314472,0.10973466400669674
conv.3:out:63,conv.3,63,31104.0,1.1691468,0.4576948267967964,0.025541700225858777,0.15989487022397952,0.1953125,0.12017675384638604,0.2032415440873966
conv.3:out:64,conv.3,64,31104.0,1.4458125,0.8742884222374414,1.1322098873461623,0.754236514150989,0.921875,0.5672342781549421,0.2838064889441311
conv.3:out:65,conv.3,65,31104.0,1.1900009,1.4428183068230283,2.825854507178711,1.050082792574642,0.984375,0.6056908393857856,0.3141338956023022
conv.3:out:66,conv.3,66,31104.0,1.2593701,0.1327503830907517,0.001262776419334699,0.19545153680103056,0.2890625,0.17786159569265134,0.3130478588199377
conv.3:out:67,conv.3,67,31104.0,1.2838385,1.9438939959400159,2.4589392952265072,0.5299383733037075,0.78125,0.48070701538554417,0.576699716252952
conv.3:out:68,conv.3,68,31104.0,1.2714628,0.25976509957399685,0.01562668636371578,0.31691508535094215,0.578125,0.3557231913853027,0.9716899756197547
conv.3:out:69,conv.3,69,31104.0,1.2249844,0.233647873668815,0.010442116967639192,0.3665429972184029,0.6796875,0.4182151033854234,0.774664134923732
conv.3:out:70,conv.3,70,31104.0,1.5119214,0.2853193319097045,0.0037621788641195586,0.21467440594217635,0.3203125,0.1970898763080731,0.7911339481728052
conv.3:out:71,conv.3,71,31104.0,1.1230568,0.05576478261627926,0.00027983537113081963,0.050270436115930295,0.0390625,0.02403535076927721,0.75926850053958
conv.3:out:72,conv.3,72,31104.0,1.3487704,0.3664910980660352,0.015623741943917802,0.2019360980668523,0.3046875,0.18747573600036221,0.5969877305237564
conv.3:out:73,conv.3,73,31104.0,1.3526052,4.253768023700104,13.958262540450132,0.9743483414099501,0.9765625,0.6008837692319302,0.9176922571709127
conv.3:out:74,conv.3,74,31104.0,1.3084146,0.15692943555950478,0.004609289360092195,0.09975525533172913,0.1171875,0.07210605230783163,0.689630155447081
conv.3:out:75,conv.3,75,31104.0,1.6291887,0.5951978001903626,0.011179820005285945,0.22655845469171254,0.359375,0.2211252270773503,0.500356430736871
conv.3:out:76,conv.3,76,31104.0,1.3867041,0.16959905069961678,0.0006114539154062348,0.19425650913387926,0.28125,0.17305452553879588,0.07708380850053875
conv.3:out:77,conv.3,77,31104.0,1.2613969,0.059080807161080884,0.005355502908397591,0.2920575910984553,0.5234375,0.32207370030831456,0.48844922708552385
conv.3:out:78,conv.3,78,31104.0,1.2053177,0.6495483419857919,0.028940654078653483,0.24211496062753213,0.3984375,0.2451605778466275,0.21283099534033434
conv.3:out:79,conv.3,79,31104.0,1.162864,0.12630841302188855,0.0019358946478265776,0.11866682571263709,0.1484375,0.0913343329232534,0.13269629754678725
conv.3:out:80,conv.3,80,31104.0,1.6195109,1.0533841228170786,0.1473248727450951,0.5925452032224712,0.8203125,0.5047423661548214,0.506064922529373
conv.3:out:81,conv.3,81,31104.0,1.2557708,0.20077984000818105,0.006843631834577701,0.16661323921010762,0.2109375,0.12979089415409692,0.785085292596959
conv.3:out:82,conv.3,82,31104.0,1.3167485,0.18587895562450285,0.011764396631862573,0.33333276799112355,0.609375,0.37495147200072443,0.29500644280551946
conv.3:out:83,conv.3,83,31104.0,1.9598398,1.2362096008073422,2.767062972648521,0.46507479450020384,0.75,0.46147873477012236,0.7687717599091665
conv.3:out:84,conv.3,84,31104.0,1.390201,0.3500136698130518,0.031146445814538293,0.2243566395763139,0.34375,0.21151108676963942,0.5256295231622541
conv.3:out:85,conv.3,85,31104.0,1.2939465,0.8275293022452388,0.09343498422983965,0.31860405484113485,0.5859375,0.3605302615391581,0.14904802337071255
conv.3:out:86,conv.3,86,31104.0,1.2417443,0.7083558826579974,0.02200158552251838,0.27476916819023245,0.4921875,0.3028454196928928,0.9649677439797357
conv.3:out:87,conv.3,87,31104.0,1.2987679,0.21100681558118595,0.008162578515378015,0.12801222283469826,0.171875,0.10575554338481971,0.4016362238885175
conv.3:out:88,conv.3,88,31104.0,1.4195226,1.4041210341383703,0.03655593249624145,0.41584002370791495,0.7109375,0.4374433840008452,0.2952342556626958
conv.3:out:89,conv.3,89,31104.0,1.444127,0.5989749202271923,0.03539579997933462,0.5862740362982777,0.8125,0.4999352960009659,0.8469983706337296
conv.3:out:90,conv.3,90,31104.0,1.327926,0.348413797953981,0.007390255297389237,0.20564799556518665,0.3125,0.19228280615421767,0.12446033251547983
conv.3:out:91,conv.3,91,31104.0,1.2176908,0.25180698558324366,0.0031012909246711517,0.12073651555249398,0.1640625,0.10094847323096427,0.7335904610737034
conv.3:out:92,conv.3,92,31104.0,1.5813148,2.0662598184735543,0.2222649823656977,0.6326592893212175,0.84375,0.5191635766163877,0.18782474256546833
conv.3:out:93,conv.3,93,31104.0,1.3345902,0.2828405222935544,0.002739839508499875,0.22948100532187254,0.3671875,0.22593229723120575,0.39249177601258245
conv.3:out:94,conv.3,94,31104.0,1.322139,0.2587662015193928,0.0076027690654549285,0.18258753534496464,0.2578125,0.15863331507722958,0.23189987846213844
conv.3:out:95,conv.3,95,31104.0,1.2885034,0.6462240543296502,0.06873137247016281,0.32808595454548595,0.6015625,0.370144401846869,0.8412279926923869
conv.3:out:96,conv.3,96,31104.0,1.3820083,1.7868351855795481,0.06333634550058065,0.36201951141083555,0.671875,0.413408033231568,0.39007455193986174
conv.3:out:97,conv.3,97,31104.0,1.1972637,0.16150308725991636,0.0020156982070176355,0.19582836186934394,0.296875,0.1826686658465068,0.9746928128822893
conv.3:out:98,conv.3,98,31104.0,1.4549146,0.4926503873539332,0.010205281605436656,0.3044302846574283,0.5546875,0.34130198092373637,0.6252614844151068
conv.3:out:99,conv.3,99,31104.0,1.2977422,0.2800734505199216,0.002804490449686947,0.1878059985115783,0.2734375,0.16824745538494046,0.6936228347029152
conv.3:out:100,conv.3,100,31104.0,1.3094381,0.2947916839220852,0.017858610904656125,0.23112678965043187,0.3828125,0.23554643753891663,0.5215251221324175
conv.3:out:101,conv.3,101,31104.0,1.4908546,0.6114989643610897,0.07164925757573037,0.2937227533300302,0.5390625,0.33168784061602546,0.30896819907559114
conv.3:out:102,conv.3,102,31104.0,1.3899704,1.2356527946831193,0.37392707767191835,0.433735305012533,0.7265625,0.44705752430855605,0.3955564210524287
conv.3:out:103,conv.3,103,31104.0,1.4374717,0.28733807731987326,0.0033311713081445316,0.2728523333385624,0.484375,0.29803834953903735,0.9409341876619017
conv.3:out:104,conv.3,104,31104.0,1.2878665,0.2983282650493493,0.020733831706613692,0.40082520415626277,0.6953125,0.4278292436931343,0.20120320072466447
conv.3:out:105,conv.3,105,31104.0,1.3273925,0.1314192921763606,0.0005267953799444891,0.0995884953664472,0.109375,0.06729898215397619,0.9882189012202123
conv.3:out:106,conv.3,106,31104.0,1.3804797,0.3446020404371666,0.005155804231853023,0.2807029545293176,0.5,0.30765248984674826,0.7583058620038184
conv.3:out:107,conv.3,107,31104.0,1.2757657,0.2465260474164097,0.04285127491375529,0.16999351322533585,0.21875,0.13459796430795237,0.35978692649261024
conv.3:out:108,conv.3,108,31104.0,1.1464139,0.01900789710089157,5.969810239783431e-05,0.02540384012178265,0.0078125,0.0048070701538554415,0.6415135895056033
conv.3:out:109,conv.3,109,31104.0,1.2509843,0.046911414357509784,0.00024914560261041566,0.027741625368243206,0.015625,0.009614140307710883,0.38098153929308753
conv.3:out:110,conv.3,110,31104.0,1.1153266,0.14078436490262902,0.0014240487918257758,0.11245095881305112,0.140625,0.08652726276939794,0.38149293263992
conv.3:out:111,conv.3,111,31104.0,1.2705909,0.23918142785987584,0.014887877059751364,0.1808045040261348,0.25,0.15382624492337413,0.5038029501945296
conv.3:out:112,conv.3,112,31104.0,1.4048132,0.3308227020679624,0.006026162222938003,0.234634141086417,0.390625,0.24035350769277208,0.016722821635377083
conv.3:out:113,conv.3,113,31104.0,1.1872594,0.20770279733278585,0.0015432455090920588,0.0748124448129488,0.078125,0.04807070153855442,0.4935715599433962
conv.3:out:114,conv.3,114,31104.0,1.1624247,0.1201510224964295,0.0017186242810457442,0.15998530720396076,0.203125,0.12498382400024148,0.971598413446888
conv.3:out:115,conv.3,115,31104.0,1.3148069,3.961696479251259,0.3383077217611066,0.7182679365816966,0.8984375,0.5528130676933758,0.28546522878557845
conv.3:out:116,conv.3,116,31104.0,1.3058138,1.2438134757685475,0.16073661100002568,0.6691352260136227,0.875,0.5383918572318095,0.7482179590766121
conv.3:out:117,conv.3,117,31104.0,1.2141116,0.11961558823895757,0.00041588923130762845,0.06696372514480231,0.0703125,0.04326363138469897,0.44278889007049504
conv.3:out:118,conv.3,118,31104.0,1.1729361,0.09183273189046304,0.00036958427132788296,0.06486607765339159,0.0625,0.03845656123084353,0.20928104261778546
conv.3:out:119,conv.3,119,31104.0,1.208882,0.1263045161285845,0.001179147505316669,0.11998358446584234,0.15625,0.09614140307710883,0.9050025708181295
conv.3:out:120,conv.3,120,31104.0,1.3510344,0.2168186293092731,0.008239235073845386,0.26831873789291194,0.4609375,0.28361713907747105,0.016827284680212995
conv.3:out:121,conv.3,121,31104.0,1.4214041,0.733404594269814,0.13823776176981273,0.2865461090019217,0.5078125,0.3124595600006037,0.3035089265995107
conv.3:out:122,conv.3,122,31104.0,1.2141227,2.2112597636078135,0.3108983065739006,0.42460015858648603,0.71875,0.4422504541547006,0.9990258823239375
conv.3:out:123,conv.3,123,31104.0,1.4402566,0.763955651789729,0.06803805131346863,0.6408773798470975,0.859375,0.5287777169240986,0.2621467961899895
conv.3:out:124,conv.3,124,31104.0,1.1997226,0.10780265352877905,0.00046938704645933804,0.06194345389759803,0.0546875,0.03364949107698809,0.849044521859272
conv.3:out:125,conv.3,125,31104.0,1.4373688,3.108611329960695,5.395907353485165,0.7375668589313591,0.90625,0.5576201378472312,0.6056831486557043
conv.3:out:126,conv.3,126,31104.0,1.2661283,0.06134671174868345,0.00042404540339181784,0.1014574812457738,0.125,0.07691312246168706,0.8060357075271236
conv.3:out:127,conv.3,127,31104.0,1.3816041,0.19175825932688895,0.025676020235664954,0.2531047857698727,0.4140625,0.2547747181543384,0.6303177554434782
conv.7:out:0,conv.7,0,46080.0,1.8407422,0.2878374447554961,0.006572704849535649,0.11906950361921531,0.3046875,0.032968732887740264,0.3626968570578484
conv.7:out:1,conv.7,1,46080.0,2.0007176,0.30760453459151904,0.00939934205586268,0.14315221958104019,0.4765625,0.05156647964492708,0.7607887845834825
conv.7:out:2,conv.7,2,46080.0,1.9646574,0.5421089172268694,0.022982765847176845,0.20296211487283777,0.78125,0.08453521253266735,0.026484548903972338
conv.7:out:3,conv.7,3,46080.0,1.7805728,0.33393276168226294,0.004256759473039107,0.18460122723450922,0.6953125,0.07523633915407393,0.4468129517344519
conv.7:out:4,conv.7,4,46080.0,1.8139927,0.14381866831445222,0.0011633800030965702,0.22142956787251933,0.8359375,0.09045267740995407,0.371854569870106
conv.7:out:5,conv.7,5,46080.0,1.8669835,0.7611825973872328,0.0733989183187862,0.1864573933315512,0.71875,0.07777239553005395,0.4770740056373495
conv.7:out:6,conv.7,6,46080.0,1.8376135,0.2674448554516857,0.006210390458559201,0.16454188614500254,0.5859375,0.06340140939950051,0.1276206864960696
conv.7:out:7,conv.7,7,46080.0,1.8774931,0.389900338028383,0.013283003645902625,0.19341593967328663,0.7421875,0.08030845190603397,0.22250686594627245
conv.7:out:8,conv.7,8,46080.0,1.8142517,0.16869733472594817,0.003840858545113901,0.18719190879466896,0.7265625,0.07861774765538063,0.5620515900997094
conv.7:out:9,conv.7,9,46080.0,1.8809439,0.17067590654914966,0.015141041660855947,0.142586283012327,0.4609375,0.049875775394273736,0.38776911565595396
conv.7:out:10,conv.7,10,46080.0,1.8762555,0.16639258089890063,0.00857439163200488,0.1521814484501789,0.5078125,0.054947888146233775,0.7916562055903406
conv.7:out:11,conv.7,11,46080.0,2.0020547,0.05658748366386135,0.0008818626798423046,0.04206068852299527,0.03125,0.003381408501306694,0.6051365892775145
conv.7:out:12,conv.7,12,46080.0,1.8170635,0.09685733596415957,0.0068332981640600865,0.19722445721015447,0.75,0.08115380403136066,0.8612666847869941
conv.7:out:13,conv.7,13,46080.0,1.7908018,1.7501710445503704,0.11722331198358571,0.3317333943782401,0.9453125,0.10228760716452749,0.7323608373256045
conv.7:out:14,conv.7,14,46080.0,1.7840261,0.060816587020894985,0.00016658210861299205,0.16994538724850372,0.6171875,0.0667828179008072,0.601823447758565
conv.7:out:15,conv.7,15,46080.0,1.8836625,0.3249450399162015,0.008806897222479293,0.20640779381005814,0.7890625,0.08538056465799403,0.2876156021959957
conv.7:out:16,conv.7,16,46080.0,1.7782416,0.8914686744537903,0.0548881781505659,0.28332958577920664,0.9140625,0.0989061986632208,0.7827604679261685
conv.7:out:17,conv.7,17,46080.0,1.9341033,0.36475096260619466,0.0165396110453202,0.15163170506173174,0.5,0.0541025360209071,0.2512675781710818
conv.7:out:18,conv.7,18,46080.0,1.7524209,0.06142180461847602,0.000649191581821279,0.338307875473987,0.953125,0.10313295928985416,0.07521111181440443
conv.7:out:19,conv.7,19,46080.0,1.8184474,0.034820476877939655,0.0009161737555181126,0.042229862461287127,0.0390625,0.004226760626633367,0.9628645784432278
conv.7:out:20,conv.7,20,46080.0,1.9244727,0.22172907471394865,0.008509416028970263,0.26164757966530416,0.8984375,0.09721549441256745,0.5400112050964692
conv.7:out:21,conv.7,21,46080.0,1.9415692,0.04164789543574443,0.00019264872390950538,0.16713971845586872,0.59375,0.06424676152482718,0.7738942975498113
conv.7:out:22,conv.7,22,46080.0,1.7351354,0.5463533763431769,0.07512809015007527,0.2890305661857653,0.921875,0.09975155078854747,0.5292228076303601
conv.7:out:23,conv.7,23,46080.0,1.6668024,0.08678816333303985,0.0015832421442633082,0.11180577141150816,0.25,0.02705126801045355,0.6115797303718215
conv.7:out:24,conv.7,24,46080.0,1.8726583,0.22650679480284452,0.011307893758050358,0.12419104280371585,0.34375,0.03719549351437363,0.03389225051650624
conv.7:out:25,conv.7,25,46080.0,1.7567359,0.049175259038747754,0.0004891483641799033,0.18053773067680368,0.671875,0.07270028277809391,0.18679367935380853
conv.7:out:26,conv.7,26,46080.0,1.8557028,0.04264818406454651,0.0007379278995979649,0.04330796762683642,0.046875,0.005072112751960041,0.6746893954347775
conv.7:out:27,conv.7,27,46080.0,1.3201901,0.139816732551101,0.0029749603205986375,0.013409300363224956,0.0234375,0.0025360563759800206,0.5705645979524983
conv.7:out:28,conv.7,28,46080.0,1.9408969,0.17312109729027725,0.016270683285068976,0.17247419192559033,0.625,0.06762817002613387,0.15855503398671267
conv.7:out:29,conv.7,29,46080.0,1.8660128,0.1274486334004905,0.0012980171732677181,0.12724353182780135,0.3671875,0.03973154989035365,0.9520292687261848
conv.7:out:30,conv.7,30,46080.0,1.9505558,0.2367150043564834,0.00707500243074316,0.1538419499115662,0.515625,0.05579324027156045,0.1543536325474043
conv.7:out:31,conv.7,31,46080.0,1.9109898,0.13794588189921342,0.003603449283126281,0.1095617636999009,0.2421875,0.026205915885126878,0.5103032497386853
conv.7:out:32,conv.7,32,46080.0,1.7113906,0.4194037589368236,0.021844801045318718,0.16073582572751377,0.5703125,0.06171070514884716,0.14400287501925768
conv.7:out:33,conv.7,33,46080.0,1.8327926,0.08794007727919961,0.0006624403743076268,0.18644662342713314,0.7109375,0.07692704340472728,0.7173717261062347
conv.7:out:34,conv.7,34,46080.0,1.7151029,0.3731376282830752,0.008370021835108599,0.12876785267309288,0.3984375,0.04311295839166035,0.27631301409515274
conv.7:out:35,conv.7,35,46080.0,1.73096,0.16929736972451792,0.0030932460508061865,0.09156964832894232,0.1328125,0.014370986130553449,0.13413397512178327
conv.7:out:36,conv.7,36,46080.0,1.8303919,0.9834992689957289,0.052597414080352345,0.20932054211973217,0.8125,0.08791662103397405,0.04598718067051566
conv.7:out:37,conv.7,37,46080.0,1.760403,0.16817362937581493,0.0034293508714526855,0.16963451044296107,0.6015625,0.06509211365015385,0.17483553789762363
conv.7:out:38,conv.7,38,46080.0,1.7810247,0.05701410444407884,0.0013037207467271328,0.11346227765569061,0.265625,0.028741972261106898,0.1917987167235664
conv.7:out:39,conv.7,39,46080.0,2.0473244,0.08709064310733083,0.008582195809128295,0.24492646271805896,0.875,0.09467943803658743,0.5369720795717926
conv.7:out:40,conv.7,40,46080.0,1.7588428,0.027661260001082155,0.0012978375390478064,0.12130969773085809,0.3203125,0.03465943713839361,0.4510388861713912
conv.7:out:41,conv.7,41,46080.0,1.879825,0.17220602450470324,0.00855484658317951,0.1374116773638434,0.4453125,0.04818507114362039,0.9572943672535373
conv.7:out:42,conv.7,42,46080.0,1.7501755,0.12943014357733773,0.0023788071952945966,0.24918597704028045,0.8828125,0.0955247901619141,0.9541513368666424
conv.7:out:43,conv.7,43,46080.0,1.774229,0.060883322664949446,0.011380686026291872,0.17320837494178054,0.6328125,0.06847352215146055,0.7965461104684304
conv.7:out:44,conv.7,44,46080.0,1.7399231,0.6939426040921717,0.017084772252626,0.31900195855921254,0.9375,0.10144225503920082,0.6715876339807033
conv.7:out:45,conv.7,45,46080.0,1.7795241,0.889779073146201,0.026597544868524725,0.21440750019041843,0.8203125,0.08876197315930072,0.8450230915683464
conv.7:out:46,conv.7,46,46080.0,1.8741728,0.20137114838053094,0.005280204656820428,0.12763744801286236,0.375,0.04057690201568033,0.9387518284798846
conv.7:out:47,conv.7,47,46080.0,1.9718755,0.22694844318584728,0.0026035752115880217,0.05204065213851106,0.0625,0.006762817002613388,0.022617728887002753
conv.7:out:48,conv.7,48,46080.0,2.0170233,0.029172987460697186,0.00014498879838723,0.044675785330168694,0.0546875,0.0059174648772867145,0.1181052271508587
conv.7:out:49,conv.7,49,46080.0,1.8237497,0.3330979433922039,0.014022105007860719,0.10870855552670378,0.21875,0.023669859509146858,0.3602638846836431
conv.7:out:50,conv.7,50,46080.0,1.7174157,0.8050435850218491,0.1402194803528669,0.21804290005940175,0.828125,0.08960732528462739,0.09358685304259973
conv.7:out:51,conv.7,51,46080.0,1.5875041,0.06028872076450398,0.0007790887874029321,0.22622110015937835,0.84375,0.09129802953528074,0.5995244730532772
conv.7:out:52,conv.7,52,46080.0,1.8591906,0.19349031418096274,0.007629129259234535,0.09682152781641662,0.1875,0.020288451007840165,0.26036422234810863
conv.7:out:53,conv.7,53,46080.0,1.06283,0.0010826907440559808,6.76146451454065e-07,0.009906122110733495,0.015625,0.001690704250653347,0.2643397291323255
conv.7:out:54,conv.7,54,46080.0,1.8678495,0.3345645489534945,0.006614840879116901,0.12420468312026856,0.3515625,0.0380408456397003,0.2883279886478656
conv.7:out:55,conv.7,55,46080.0,1.710596,0.6167345975527496,0.017869210009492292,0.16979874765580405,0.609375,0.06593746577548053,0.09771565758439005
conv.7:out:56,conv.7,56,46080.0,1.8916926,0.04993771571753314,0.0008774273925366005,0.09321923544553634,0.140625,0.015216338255880122,0.7409444532381589
conv.7:out:57,conv.7,57,46080.0,1.8796881,0.005488972404706471,9.667372615521206e-06,0.8610106577551733,0.984375,0.10651436779116086,0.6506724295996501
conv.7:out:58,conv.7,58,46080.0,1.7758656,0.3374319725407986,0.014755957638376671,0.14353791071505384,0.484375,0.052411831770253756,0.6065080906412624
conv.7:out:59,conv.7,59,46080.0,1.6511301,0.12164974282617891,0.00019087875939563067,0.7741384789342116,0.9765625,0.10566901566583418,0.03404558227777543
conv.7:out:60,conv.7,60,46080.0,1.8832605,0.4566663565237832,0.010900412144746241,0.2512115225828211,0.890625,0.09637014228724078,0.4294641446388775
conv.7:out:61,conv.7,61,46080.0,1.8667188,0.21183092694263905,0.005049411172957985,0.13001424226615654,0.40625,0.04395831051698702,0.6852035898998426
conv.7:out:62,conv.7,62,46080.0,1.8646933,0.016370428044183427,8.135981681967053e-05,0.10903651692116512,0.234375,0.025360563759800205,0.15634664990358638
conv.7:out:63,conv.7,63,46080.0,1.9191308,0.11835895779950079,0.001805062384167798,0.12175363312982768,0.3359375,0.03635014138904696,0.3856578446575508
conv.7:out:64,conv.7,64,46080.0,1.8188843,0.331985216054818,0.004232119355087938,0.15526074657941535,0.53125,0.057483944522213795,0.019834145469936892
conv.7:out:65,conv.7,65,46080.0,1.8659576,0.2868602311103814,0.005034043014793266,0.18893886027164797,0.734375,0.0794630997807073,0.08185799707724206
conv.7:out:66,conv.7,66,46080.0,1.7911483,0.16620325004669212,0.002462431972693621,0.09391274806034744,0.1484375,0.016061690381206795,0.2164535799990539
conv.7:out:67,conv.7,67,46080.0,1.9110631,0.5054137047400218,0.0096273763438261,0.13378097525162502,0.421875,0.04564901476764037,0.41465016114124864
conv.7:out:68,conv.7,68,46080.0,1.9302552,0.22913648282701615,0.0078658705990593,0.14863959820727857,0.4921875,0.05325718389558043,0.46324003628737986
conv.7:out:69,conv.7,69,46080.0,1.9948848,0.6735246047546752,0.03906108211917325,0.11284961585447206,0.2578125,0.027896620135780224,0.884521531618113
conv.7:out:70,conv.7,70,46080.0,1.8553116,0.1297327334723377,0.004655423756721039,0.13651885010257558,0.4296875,0.04649436689296704,0.3166584421740133
conv.7:out:71,conv.7,71,46080.0,2.0077899,3.568252729984124,0.19345937010475706,0.4886584354542647,0.9609375,0.10397831141518084,0.021463876277191374
conv.7:out:72,conv.7,72,46080.0,1.719983,0.1587784834217345,0.009210577894651975,0.10795772599766096,0.2109375,0.022824507383820185,0.8262233467711652
conv.7:out:73,conv.7,73,46080.0,1.7469667,0.10433842670317972,0.0017430224687282891,0.16026092616012022,0.5625,0.06086535302352049,0.061846935373572776
conv.7:out:74,conv.7,74,46080.0,1.6796147,0.07661558595191309,0.0006229789965798427,0.08652942565683652,0.109375,0.011834929754573429,0.09299199266222835
conv.7:out:75,conv.7,75,46080.0,2.1025655,0.042343712543129186,0.004233593718358646,0.08961695764657307,0.125,0.013525634005226776,0.963181716739735
conv.7:out:76,conv.7,76,46080.0,2.1621082,0.0474166077154905,0.000169857037498276,0.2930828999218561,0.9296875,0.10059690291387414,0.7533654181283584
conv.7:out:77,conv.7,77,46080.0,1.8308716,0.20346433750819415,0.0016361764649790445,0.20111771186952865,0.7734375,0.08368986040734068,0.33785420277925504
conv.7:out:78,conv.7,78,46080.0,1.744882,0.4996950577769894,0.024626741671525565,0.2346638837759114,0.8515625,0.09214338166060741,0.13217884161919569
conv.7:out:79,conv.7,79,46080.0,1.9346006,0.281308336139773,0.039805639446133245,0.09536910967374723,0.171875,0.018597746757186815,0.38673057317186155
conv.7:out:80,conv.7,80,46080.0,1.8513547,0.17813246671551042,0.25617750005597306,0.09403921939266624,0.15625,0.01690704250653347,0.33919489278017356
conv.7:out:81,conv.7,81,46080.0,1.6099111,0.0739513911830727,0.0016141276780441416,0.086384152642486,0.1015625,0.010989577629246756,0.8744412014424732
conv.7:out:82,conv.7,82,46080.0,1.9152312,0.2080850890088186,0.00563360543710445,0.1283060262343838,0.390625,0.04226760626633368,0.41875301731404
conv.7:out:83,conv.7,83,46080.0,1.93587,0.08397159888772876,0.0015264393995255698,0.13711782955165885,0.4375,0.047339719018293716,0.08204500601562204
conv.7:out:84,conv.7,84,46080.0,1.9502492,0.19047382019653014,0.002551843506137519,0.11650561379923374,0.28125,0.030432676511760244,0.9268052023585862
conv.7:out:85,conv.7,85,46080.0,1.8589513,0.3244869922118596,0.022119943414440943,0.09532176529542014,0.1640625,0.017752394631860142,0.6223133637152601
conv.7:out:86,conv.7,86,46080.0,2.1115432,0.07188959785071347,0.00046171041008721825,0.08026833180501569,0.078125,0.008453521253266734,0.11670985678100221
conv.7:out:87,conv.7,87,46080.0,1.6950006,0.599457277637157,0.033369374996335535,0.208673009607935,0.8046875,0.08707126890864737,0.11317416004642233
conv.7:out:88,conv.7,88,46080.0,2.047762,0.00036645536074964014,9.333070198929457e-07,0.15978714002290317,0.5546875,0.060020000898193815,0.46593324116426427
conv.7:out:89,conv.7,89,46080.0,1.4641705,0.0,0.0,0.0,0.0078125,0.0008453521253266735,0.09208896568911618
conv.7:out:90,conv.7,90,46080.0,1.7891511,0.29609022389922757,0.008389327327934737,0.2396050728107184,0.859375,0.09298873378593409,0.6317521922027585
conv.7:out:91,conv.7,91,46080.0,1.8820088,0.3071087024072767,0.024628800248850058,0.12806503301057148,0.3828125,0.041422254141007,0.6163837910949103
conv.7:out:92,conv.7,92,46080.0,1.9161631,0.0658808885328881,0.0012772123462453852,0.5016239343903708,0.96875,0.10482366354050751,0.032081348618153704
conv.7:out:93,conv.7,93,46080.0,1.8134714,0.08057941473089159,0.0006759544867020323,0.15630799769174786,0.546875,0.05917464877286714,0.8074227810412945
conv.7:out:94,conv.7,94,46080.0,1.8687621,0.21118517194554443,0.0025721073937745587,0.1774049789187302,0.640625,0.06931887427678722,0.7867947609394985
conv.7:out:95,conv.7,95,46080.0,1.8829654,0.08985753964680043,0.000507850270782928,0.09744605374287829,0.1953125,0.02113380313316684,0.9153082686153085
conv.7:out:96,conv.7,96,46080.0,1.6727717,0.1840220410576876,0.002409960626855834,0.11510113627246676,0.2734375,0.02958732438643357,0.6703066467384771
conv.7:out:97,conv.7,97,46080.0,1.9757854,0.2383113102405332,0.05437071915894487,0.1089794530985273,0.2265625,0.02451521163447353,0.6928622323352233
conv.7:out:98,conv.7,98,46080.0,1.88839,1.6179577885486651,0.06347778841131912,0.2671727841277445,0.90625,0.09806084653789413,0.1637416544531679
conv.7:out:99,conv.7,99,46080.0,1.735429,0.16271096405398566,0.007469609926242793,0.10472415886982844,0.203125,0.02197915525849351,0.023888813978811707
conv.7:out:100,conv.7,100,46080.0,1.812895,0.1249778619112476,0.0047783286644383915,0.12010579260356735,0.3125,0.03381408501306694,0.06556315241841992
conv.7:out:101,conv.7,101,46080.0,1.8082399,0.487152281400995,0.04516184258912667,0.17824403538944011,0.65625,0.07100957852744057,0.9644613401603573
conv.7:out:102,conv.7,102,46080.0,1.8390582,0.2864747924850235,0.020893228819500065,0.12157394957135406,0.328125,0.035504789263720284,0.6457213655596336
conv.7:out:103,conv.7,103,46080.0,1.872361,0.1211991999152815,0.0008385854553618621,0.11846473158931303,0.296875,0.03212338076241359,0.9469066664934074
conv.7:out:104,conv.7,104,46080.0,1.7853413,0.3282543521822845,0.003386720694594225,0.1557386762204942,0.5390625,0.05832929664754047,0.3493843588720956
conv.7:out:105,conv.7,105,46080.0,1.9253135,1.0239761545162764,0.1115968094965547,0.18045256311813773,0.6640625,0.07185493065276724,0.755221576661414
conv.7:out:106,conv.7,106,46080.0,1.8835592,0.22300292503678065,0.008926424375060193,0.1548419557370977,0.5234375,0.05663859239688712,0.06539896536166678
conv.7:out:107,conv.7,107,46080.0,1.6763362,0.600295349227963,0.0191155858182106,0.18123746573860444,0.6796875,0.07354563490342059,0.16620516559297116
conv.7:out:108,conv.7,108,46080.0,1.8191748,0.2613579793833196,0.019844286953406787,0.1379238498675477,0.453125,0.04903042326894706,0.27713333487199
conv.7:out:109,conv.7,109,46080.0,1.6968871,0.02732077555918977,0.0026774562573322145,0.16114637998988712,0.578125,0.06255605727417383,0.5503182517007417
conv.7:out:110,conv.7,110,46080.0,1.6984484,4.344632953882069,1.5150664066260926,1.5842109672730116,1.0,0.1082050720418142,0.55740888009091
conv.7:out:111,conv.7,111,46080.0,1.9353967,0.03604294062097324,9.444534672020666e-05,0.1782088518980856,0.6484375,0.0701642264021139,0.4989864523070149
conv.7:out:112,conv.7,112,46080.0,1.895825,0.32842171826632693,0.022873643742000738,0.18546624356144115,0.703125,0.0760816912794006,0.42446358463207756
conv.7:out:113,conv.7,113,46080.0,1.9262676,0.20711014539847383,0.005595115952920615,0.19873382280579222,0.7578125,0.08199915615668733,0.5757051603390986
conv.7:out:114,conv.7,114,46080.0,1.7520982,0.39509149699642876,0.008260079580367896,0.2003352798615694,0.765625,0.082844508282014,0.9666623953878383
conv.7:out:115,conv.7,115,46080.0,1.8775848,0.3780608571037192,0.011010271693531887,0.11785957340947562,0.2890625,0.03127802863708692,0.4580795604861192
conv.7:out:116,conv.7,116,46080.0,1.7224207,4.373030933376379,10.187806248872343,1.0050524663341882,0.9921875,0.10735971991648753,0.8374714217984048
conv.7:out:117,conv.7,117,46080.0,1.9840983,0.04898013606725726,0.0008495247403039752,0.12704413097146983,0.359375,0.03888619776502698,0.055871965031871196
conv.7:out:118,conv.7,118,46080.0,1.8057888,0.7276027533553133,0.007583230009066286,0.13088830963005194,0.4140625,0.044803662642313696,0.3855872572300576
conv.7:out:119,conv.7,119,46080.0,1.9657245,0.07466797511369805,0.0018955728132539346,0.08403832714057557,0.09375,0.010144225503920083,0.5604964436423991
conv.7:out:120,conv.7,120,46080.0,1.8294604,0.06847070619096485,0.0037045531767167517,0.06297063672939274,0.0703125,0.007608169127940061,0.6203205556549372
conv.7:out:121,conv.7,121,46080.0,1.9555919,0.849851129117269,0.09049746238451283,0.24240519298393792,0.8671875,0.09383408591126076,0.2500183399320113
conv.7:out:122,conv.7,122,46080.0,1.6685588,0.10547403406690137,0.00369551638528548,0.09553307425829671,0.1796875,0.01944309888251349,0.39929101348659524
conv.7:out:123,conv.7,123,46080.0,1.7531197,0.22853622626280412,0.007890590245579143,0.20827165394381808,0.796875,0.0862259167833207,0.9470061687356901
conv.7:out:124,conv.7,124,46080.0,1.8326619,0.2149313252284628,0.003822281383081938,0.1428086414318841,0.46875,0.05072112751960041,0.648850754011949
conv.7:out:125,conv.7,125,46080.0,1.8295707,0.3877567316949353,0.005062507580279596,0.18331054464360363,0.6875,0.07439098702874726,0.5849662484122946
conv.7:out:126,conv.7,126,46080.0,1.7733095,0.04685306816281809,0.002455119667355966,0.08190205458618038,0.0859375,0.009298873378593408,0.06529871051984093
conv.7:out:127,conv.7,127,46080.0,1.675746,0.06269079407320532,0.00027596484973724245,0.08755660736039061,0.1171875,0.012680281879900102,0.052176257643147705
conv.10:out:0,conv.10,0,15428.0,1.9779223,0.15303747794587252,0.001780949780074443,0.06394587755891834,0.23828125,0.0034110177729191086,0.21139844783206463
conv.10:out:1,conv.10,1,15428.0,2.1571994,0.5516020184570607,0.04778431154732647,0.06737529000860132,0.28125,0.004026119338527472,0.137822775848633
conv.10:out:2,conv.10,2,15428.0,1.5735352,0.0037988518268443627,2.6500725777341046e-06,0.060509615239116354,0.21484375,0.0030755078280418195,0.9837499292732876
conv.10:out:3,conv.10,3,15428.0,1.9745874,0.2115729235483741,0.00933193340986549,0.1000152145547375,0.62890625,0.009002850187540599,0.002747147602664146
conv.10:out:4,conv.10,4,15428.0,1.8012044,0.07037727774923042,0.00012637710183005524,0.05162045856857844,0.1328125,0.0019012230209713066,0.3658435291805171
conv.10:out:5,conv.10,5,15428.0,1.9235041,0.06027382805950765,0.0002611190034111782,0.0956335039718681,0.609375,0.008723258566809524,0.05842244962380161
conv.10:out:6,conv.10,6,15428.0,2.0376315,0.0491108273890859,0.00011106253139731015,0.06815195616741931,0.28515625,0.004082037662673688,0.6400105583176766
conv.10:out:7,conv.10,7,15428.0,1.9360071,0.07060265451582382,0.0001664583874376336,0.11875516090577776,0.78515625,0.011239583153389195,0.046533202074859115
conv.10:out:8,conv.10,8,15428.0,1.996995,0.15387725249547657,0.0008324896144366357,0.1261618546756722,0.828125,0.011854684718997558,0.0684096355417223
conv.10:out:9,conv.10,9,15428.0,1.9751321,0.12239406756759763,0.002230264101435239,0.10189162306573962,0.6484375,0.009282441808271672,0.07994250560811889
conv.10:out:10,conv.10,10,15428.0,2.443785,0.012706236279058203,4.444183384562024e-05,0.07834882849192537,0.41796875,0.005983260683644994,0.2717851313028795
conv.10:out:11,conv.10,11,15428.0,1.9110438,0.5786877469868159,0.019792830545535683,0.1492416792174538,0.90234375,0.012917132877775642,0.5763580679966506
conv.10:out:12,conv.10,12,15428.0,1.7887216,0.24908412670538382,0.003950417641831699,0.07097334577108505,0.3359375,0.0048089758765744815,0.8054486176308537
conv.10:out:13,conv.10,13,15428.0,1.8306521,0.10852747028275189,0.0004890264039494798,0.07017118189592253,0.3203125,0.004585302579989622,0.2671915845012608
conv.10:out:14,conv.10,14,15428.0,1.8800911,0.08113747016250272,0.0003835766198876135,0.10401778374443893,0.66796875,0.009562033429002748,0.2831710565694664
conv.10:out:15,conv.10,15,15428.0,1.7807302,0.6192447420247618,0.21884811865167764,0.10386668321114456,0.66015625,0.009450196780710317,0.824482143951937
conv.10:out:16,conv.10,16,15428.0,1.8800718,0.39723070870604715,0.004024947274125917,0.1553693230198121,0.921875,0.013196724498506715,0.7459483801763226
conv.10:out:17,conv.10,17,15428.0,1.9435868,0.16119779991390715,0.0015043861191648931,0.13088144077104857,0.84375,0.012078358015582418,0.12681474835733464
conv.10:out:18,conv.10,18,15428.0,1.9385346,0.18521770563302198,0.008943445864524233,0.10115874414530168,0.64453125,0.009226523484125459,0.8063489347063569
conv.10:out:19,conv.10,19,15428.0,1.9126272,0.25659345687017776,0.007087404043523815,0.12133898673125998,0.8046875,0.011519174774120268,0.8312511086352812
conv.10:out:20,conv.10,20,15428.0,1.900569,0.20848714152270986,0.001239099278511277,0.14418409353473294,0.88671875,0.012693459581190782,0.17782578356710588
conv.10:out:21,conv.10,21,15428.0,1.9269078,0.29409811173684375,0.0022165788702962473,0.155139601721217,0.91796875,0.013140806174360501,0.6269479985725536
conv.10:out:22,conv.10,22,15428.0,1.8710067,0.24041432321246248,0.0007956477222484451,0.10377443780465256,0.65625,0.009394278456564103,0.19674362182123795
conv.10:out:23,conv.10,23,15428.0,1.7439238,0.21327115383610362,0.0018140478367908441,0.08261009060873903,0.5,0.007157545490715507,0.24349271202808254
conv.10:out:24,conv.10,24,15428.0,1.9734308,0.07069083026090084,0.0018657855614503671,0.043817600823082614,0.0703125,0.001006529834631868,0.494005755328642
conv.10:out:25,conv.10,25,15428.0,1.9111263,0.17511593022663874,0.007494905944429309,0.08121420423759673,0.47265625,0.006766117221692003,0.5222200279508085
conv.10:out:26,conv.10,26,15428.0,1.8915462,0.20403837542630754,0.010840638270028935,0.05900034553042547,0.19921875,0.0028518345314569597,0.4790335153981873
conv.10:out:27,conv.10,27,15428.0,2.0389085,0.2816778044916646,0.0022989963228386926,0.1165512732484899,0.7734375,0.01107182818095055,0.5411410533042087
conv.10:out:28,conv.10,28,15428.0,1.8180182,0.5326384338443404,0.030635943538344933,0.08674969600434679,0.53125,0.007604892083885226,0.21316467642545245
conv.10:out:29,conv.10,29,15428.0,1.8742703,0.05037791511421119,0.0005545973131828742,0.04869848718335934,0.109375,0.0015657130760940172,0.7785803681279121
conv.10:out:30,conv.10,30,15428.0,1.9353902,0.14927168240501487,0.0005259932188367671,0.07354359133000798,0.37109375,0.005312240793890415,0.2778484120286083
conv.10:out:31,conv.10,31,15428.0,1.8612987,0.12363131415986572,0.005157879803121365,0.10584494974256842,0.6875,0.009841625049733823,0.9126832897191103
conv.10:out:32,conv.10,32,15428.0,2.0141444,0.028600438534340356,0.00013620833057134685,0.047540081134741285,0.09765625,0.0013979581036553724,0.5151553035895896
conv.10:out:33,conv.10,33,15428.0,1.9815823,0.10460496328232693,0.0013721906779832205,0.06708339241750139,0.27734375,0.003970201014381258,0.3036840529445848
conv.10:out:34,conv.10,34,15428.0,1.907009,0.05866758426418528,0.00014944652739223852,0.08062128269254742,0.4609375,0.0065983622492533575,0.17438390250830016
conv.10:out:35,conv.10,35,15428.0,1.913797,0.055519618791549874,0.0002792029140322311,0.061211891483708314,0.22265625,0.0031873444763342493,0.48520396241603025
conv.10:out:36,conv.10,36,15428.0,2.095672,0.18491284960146004,0.0014396048247518056,0.11930607440748275,0.79296875,0.011351419801681624,0.3762973001513523
conv.10:out:37,conv.10,37,15428.0,2.017417,0.12362302156179794,0.004232811054058483,0.05667900122840308,0.17578125,0.00251632458657967,0.6230937907219327
conv.10:out:38,conv.10,38,15428.0,1.9404057,0.3405642161308151,0.016371268681240597,0.13965750886902129,0.87890625,0.012581622932898351,0.49845958262294987
conv.10:out:39,conv.10,39,15428.0,1.9582796,0.008308018335924316,1.5478559550085496e-05,0.12128079695129657,0.80078125,0.011463256449974054,0.03695969800069676
conv.10:out:40,conv.10,40,15428.0,1.9718363,0.06494248413218884,0.00021384333904761466,0.11108500945046984,0.73046875,0.010456726615342186,0.8330947688085336
conv.10:out:41,conv.10,41,15428.0,1.853517,0.20252952494956844,0.0035545596744155777,0.06675941013395459,0.26953125,0.003858364366088828,0.051673939119395995
conv.10:out:42,conv.10,42,15428.0,1.637271,0.001601558331937314,8.063714879336522e-07,0.04949214153607617,0.1171875,0.0016775497243864468,0.8275951638592104
conv.10:out:43,conv.10,43,15428.0,2.0406241,0.10860079261510691,0.0007123013898764907,0.07973695049031804,0.4375,0.006262852304376069,0.8127496434167762
conv.10:out:44,conv.10,44,15428.0,1.7380203,0.04904437646155202,7.851451053048249e-05,0.04032804425986569,0.04296875,0.0006151015656083639,0.9239831252875618
conv.10:out:45,conv.10,45,15428.0,1.8495274,0.17007112361324062,0.0007694275994350616,0.22739955761323927,0.9765625,0.013979581036553725,0.6644010411515328
conv.10:out:46,conv.10,46,15428.0,1.9433506,0.25174655268756396,0.0015227808417291118,0.06848562875079267,0.29296875,0.004193874310966118,0.16062363410535052
conv.10:out:47,conv.10,47,15428.0,1.9327831,0.038167896916512234,0.000663126041010896,0.0161139210452097,0.0078125,0.0001118366482924298,0.44192941145403775
conv.10:out:48,conv.10,48,15428.0,1.8752882,0.050140116151396796,0.0001336641792018603,0.04974369683322699,0.125,0.0017893863726788767,0.43943266017047056
conv.10:out:49,conv.10,49,15428.0,1.847475,0.08114813814881927,0.0006796095379170627,0.06416880407382142,0.2421875,0.0034669360970653235,0.6323329864819148
conv.10:out:50,conv.10,50,15428.0,2.0177686,0.04588223437292527,0.0012638289929494094,0.06966552564906636,0.30859375,0.0044175476075509765,0.3811375324040436
conv.10:out:51,conv.10,51,15428.0,1.9353036,0.10113777298101922,0.000771688433172657,0.0783222715130023,0.4140625,0.005927342359498779,0.6756780879691183
conv.10:out:52,conv.10,52,15428.0,1.801297,0.04848809208124294,0.00017309954057018184,0.09859473394257634,0.62109375,0.008891013539248168,0.2039073800978377
conv.10:out:53,conv.10,53,15428.0,1.7728585,0.1259790735784918,0.00047818352831063837,0.09964096319981763,0.625,0.008946931863394384,0.3533507781465587
conv.10:out:54,conv.10,54,15428.0,1.9652398,0.07020993940955123,0.001240031274458639,0.04677665500127315,0.09375,0.0013420397795091575,0.5433134112873544
conv.10:out:55,conv.10,55,15428.0,1.8569207,0.5571208062153801,0.030212085696674038,0.08458451162530878,0.52734375,0.007548973759739011,0.427651051214449
conv.10:out:56,conv.10,56,15428.0,2.0716257,0.029844687221896038,0.00024910367717270385,0.015923608421821278,0.00390625,5.59183241462149e-05,0.12252565076900024
conv.10:out:57,conv.10,57,15428.0,1.9071058,0.0838212714168094,0.002481733169771509,0.05715526854303565,0.18359375,0.0026281612348721,0.9658281207625043
conv.10:out:58,conv.10,58,15428.0,2.0078845,0.22537982502399245,0.002511270500140883,0.0784017665008605,0.421875,0.006039179007791209,0.6912954021364714
conv.10:out:59,conv.10,59,15428.0,1.8122629,0.21593340294384689,0.0014613889597427515,0.07812825327508222,0.41015625,0.005871424035352564,0.8330350777910258
conv.10:out:60,conv.10,60,15428.0,2.0887105,1.270231595619748,0.07959099924998413,0.2506788234759654,0.98828125,0.01414733600899237,0.3574607462891465
conv.10:out:61,conv.10,61,15428.0,2.0998285,0.09340970815355831,0.0016372208741819061,0.05481106219558929,0.16015625,0.002292651289994811,0.9448959101690874
conv.10:out:62,conv.10,62,15428.0,2.2104928,0.1377837234249455,0.0031085362558770854,0.14858734993187284,0.8984375,0.012861214553629426,0.8124471005528425
conv.10:out:63,conv.10,63,15428.0,1.9313985,0.8327056106672899,0.06468329685321542,0.10839880214652275,0.7109375,0.010177134994611111,0.9795062455878859
conv.10:out:64,conv.10,64,15428.0,1.9314826,0.09584785254992312,0.0008726558718649136,0.12374341253180177,0.8203125,0.011742848070705128,0.19739425238980546
conv.10:out:65,conv.10,65,15428.0,1.9203537,0.09428351562746684,0.0007527267912396107,0.11433064130142157,0.7578125,0.01084815488436569,0.4771694766007426
conv.10:out:66,conv.10,66,15428.0,1.9704897,0.05048628473014105,0.000525326835588924,0.11114236342615413,0.734375,0.0105126449394884,0.3858489940723694
conv.10:out:67,conv.10,67,15428.0,1.955906,0.12875412068626702,0.0011251865317138238,0.08415120825023337,0.515625,0.0073812187873003665,0.613894995603037
conv.10:out:68,conv.10,68,15428.0,1.9769608,0.08915971274655021,0.0005858026195130484,0.054847059616626836,0.1640625,0.002348569614141026,0.25021973366796013
conv.10:out:69,conv.10,69,15428.0,2.153014,0.10286877152475427,0.0036873807605717064,0.21847651708561955,0.97265625,0.01392366271240751,0.10047228975068634
conv.10:out:70,conv.10,70,15428.0,2.102884,0.022525459346979915,8.517583940286302e-05,0.045542941686925076,0.08203125,0.001174284807070513,0.4766165868289146
conv.10:out:71,conv.10,71,15428.0,2.072197,0.23159340813776907,0.0013186455875927802,0.1393755723315664,0.875,0.012525704608752138,0.6394719365196334
conv.10:out:72,conv.10,72,15428.0,2.0651016,0.017029992112838954,0.00011305273895623191,0.07723127904622373,0.3984375,0.0057036690629139195,0.3840154184913098
conv.10:out:73,conv.10,73,15428.0,2.0547934,0.5529741461533604,0.05407809351979121,0.18455540934502324,0.94921875,0.01358815276753022,0.9874393427162872
conv.10:out:74,conv.10,74,15428.0,1.9233527,0.1544948452610697,0.0009384817696594522,0.1335776165022935,0.8515625,0.012190194663874847,0.40598877214889817
conv.10:out:75,conv.10,75,15428.0,1.8705425,0.05940676749969498,0.00024126015844848315,0.05211563731517366,0.13671875,0.0019571413451175213,0.29981554243781305
conv.10:out:76,conv.10,76,15428.0,1.9429076,0.5163077727147538,0.01946595794713129,0.07738087517410897,0.40234375,0.005759587387060134,0.8138978250995115
conv.10:out:77,conv.10,77,15428.0,1.9355811,0.18471548318029818,0.0033611602388984923,0.07104228268912038,0.33984375,0.004864894200720696,0.46668980303279606
conv.10:out:78,conv.10,78,15428.0,1.9324287,0.5953160155640944,0.019844077425237486,0.18552533611088506,0.953125,0.013644071091676434,0.27321678269920713
conv.10:out:79,conv.10,79,15428.0,1.9122056,0.0760761183742602,0.0019557197943384994,0.07041708369832517,0.32421875,0.004641220904135836,0.28649102447160646
conv.10:out:80,conv.10,80,15428.0,1.8192312,0.3886766595824156,0.01635164897381919,0.07323648128884486,0.36328125,0.0052004041455979855,0.9471557892442384
conv.10:out:81,conv.10,81,15428.0,1.9480047,0.03432907259480089,9.829080484651843e-05,0.07903762002489856,0.4296875,0.006151015656083639,0.961736748159922
conv.10:out:82,conv.10,82,15428.0,1.9746214,0.09877203069299867,0.0015686664101464687,0.07988004854895792,0.44140625,0.006318770628522283,0.6462368962429871
conv.10:out:83,conv.10,83,15428.0,1.8907976,0.14759891834319205,0.0028067252037977455,0.07940248080302581,0.43359375,0.006206933980229853,0.2787679766747637
conv.10:out:84,conv.10,84,15428.0,1.8930384,0.06719179179526691,0.00011372629541680883,0.09150167902619444,0.5703125,0.008164075325347376,0.7113690437189849
conv.10:out:85,conv.10,85,15428.0,1.8686234,0.2980317921019662,0.10538915970521599,0.11213053960344865,0.73828125,0.010568563263634615,0.2167694819361088
conv.10:out:86,conv.10,86,15428.0,1.9189947,0.06667532912524621,0.0003043491864155312,0.045421151764282186,0.078125,0.001118366482924298,0.3220846874139359
conv.10:out:87,conv.10,87,15428.0,1.8180496,0.09420607511128765,0.0010633286967491884,0.05970904079470074,0.2109375,0.0030195895038956045,0.5417363597027655
conv.10:out:88,conv.10,88,15428.0,1.9199756,0.2461900215807873,0.004020380270795301,0.12181622730072661,0.80859375,0.011575093098266483,0.40114416116454565
conv.10:out:89,conv.10,89,15428.0,1.891729,0.31259069806674233,0.004925402221216022,0.09191113022228592,0.57421875,0.00821999364949359,0.35102386263458685
conv.10:out:90,conv.10,90,15428.0,1.8086574,0.09065151894719747,0.0012778857543542799,0.04478969496654006,0.07421875,0.001062448158778083,0.9741344294864881
conv.10:out:91,conv.10,91,15428.0,1.888241,0.7149105382814014,0.01802749998728032,0.25080773356648933,0.9921875,0.014203254333138585,0.17020617447974906
conv.10:out:92,conv.10,92,15428.0,1.7932328,0.04885308718826309,0.00010415961545642664,0.08030889198580127,0.45703125,0.006542443925107143,0.6137785589494178
conv.10:out:93,conv.10,93,15428.0,2.0156798,0.3870461261130913,0.02599484663986934,0.0821514094087773,0.48828125,0.0069897905182768625,0.03854138948384955
conv.10:out:94,conv.10,94,15428.0,1.9140491,0.21092895488982322,0.0011681727464726288,0.18310158644183971,0.9453125,0.013532234443384005,0.09171473713390443
conv.10:out:95,conv.10,95,15428.0,1.8248378,0.19686853515349867,0.001790159356061965,0.080155635726884,0.453125,0.006486525600960928,0.20999600501172455
conv.10:out:96,conv.10,96,15428.0,1.9999496,0.14235231461498188,0.0012368788111478263,0.06705105626465269,0.2734375,0.0039142826902350426,0.9916861960144647
conv.10:out:97,conv.10,97,15428.0,1.8935658,0.00897513744519074,1.2957683907618978e-05,0.05081869398407868,0.12890625,0.0018453046968250916,0.7264246392278
conv.10:out:98,conv.10,98,15428.0,2.0018442,0.22614022588868465,0.012656653750806171,0.10444055837912458,0.671875,0.009617951753148963,0.8680380956291989
conv.10:out:99,conv.10,99,15428.0,2.1907516,0.03147510513190355,0.001013114392760972,0.05784987675965425,0.19140625,0.00273999788316453,0.049483784636716543
conv.10:out:100,conv.10,100,15428.0,1.956537,0.12680150805681478,0.0005462575438227868,0.13157326294983562,0.84765625,0.012134276339728634,0.6814384526526729
conv.10:out:101,conv.10,101,15428.0,1.9038281,0.10595854050916387,0.00036298917747679127,0.12981347109968233,0.83984375,0.012022439691436203,0.4399364794360058
conv.10:out:102,conv.10,102,15428.0,1.7675419,0.048983269311520417,0.0006471504818160029,0.04354149946427821,0.06640625,0.0009506115104856533,0.41641994855534936
conv.10:out:103,conv.10,103,15428.0,1.9706035,0.068809798010534,0.00010670676559119963,0.1825757781672479,0.94140625,0.01347631611923779,0.7082547942479717
conv.10:out:104,conv.10,104,15428.0,1.9034277,0.23701150062379384,0.00149062817437434,0.13822326517995975,0.87109375,0.012469786284605922,0.30831895053558056
conv.10:out:105,conv.10,105,15428.0,1.9759562,0.15749677277563023,0.0007447338235938017,0.08240009428325834,0.4921875,0.007045708842423077,0.5134678232710247
conv.10:out:106,conv.10,106,15428.0,2.0295124,0.023311329203352216,8.163215306056237e-05,0.07130288605280555,0.34375,0.004920812524866911,0.2607247218237164
conv.10:out:107,conv.10,107,15428.0,1.8916808,0.042426552918186644,5.0609238526067024e-05,0.054047641378467404,0.14453125,0.002068977993409951,0.39140407059240856
conv.10:out:108,conv.10,108,15428.0,2.067139,0.04270094758862797,0.0011373436914383517,0.07662707210443598,0.390625,0.00559183241462149,0.5333261752047522
conv.10:out:109,conv.10,109,15428.0,1.956546,0.15121746800377878,0.0015793247358599216,0.12597085869940372,0.82421875,0.011798766394851343,0.15788100282626316
conv.10:out:110,conv.10,110,15428.0,1.9136034,0.11202307467556238,0.001523925480600412,0.09462978762995178,0.59765625,0.00855550359437088,0.27618712190520356
conv.10:out:111,conv.10,111,15428.0,2.0190969,0.029538670273723255,0.000634466319794802,0.04235786117936158,0.0546875,0.0007828565380470086,0.4204059052215403
conv.10:out:112,conv.10,112,15428.0,1.9026133,0.19460251352029445,0.0035562445964032463,0.056939107680079815,0.1796875,0.002572242910725885,0.4727479785281554
conv.10:out:113,conv.10,113,15428.0,1.9815868,0.1111743108540395,0.0015743178398220925,0.10556270779490262,0.6796875,0.009729788401441392,0.8000039680110183
conv.10:out:114,conv.10,114,15428.0,1.7985858,0.12110133533406042,0.0010066368931502543,0.03664327059864991,0.03125,0.0004473465931697192,0.6429501138675994
conv.10:out:115,conv.10,115,15428.0,2.1895146,0.037961949505529446,0.0050189567215555494,0.04938943549428476,0.11328125,0.001621631400240232,0.5624900665221173
conv.10:out:116,conv.10,116,15428.0,2.060587,0.4555194562053657,0.007946603847275746,0.08276757752466324,0.5078125,0.007269382139007937,0.8698673937003966
conv.10:out:117,conv.10,117,15428.0,1.8967639,0.045140183768580755,0.00041153502414031863,0.06820438592373534,0.2890625,0.004137955986819902,0.19734886477676372
conv.10:out:118,conv.10,118,15428.0,2.0403066,0.15069440389720512,0.00206210429250894,0.053762895775509634,0.140625,0.002013059669263736,0.10408303517803497
conv.10:out:119,conv.10,119,15428.0,1.8667156,0.041588102973491914,0.0006598008488605557,0.058775181017048705,0.1953125,0.002795916207310745,0.39372521336773547
conv.10:out:120,conv.10,120,15428.0,2.0662506,0.40247031454055104,0.003460302108221125,0.11004885500616268,0.71875,0.01028897164290354,0.1371899555572782
conv.10:out:121,conv.10,121,15428.0,1.7659013,0.051917303464506404,0.0008255225292465871,0.04061616601843854,0.046875,0.0006710198897545787,0.5559810381008665
conv.10:out:122,conv.10,122,15428.0,1.9717762,0.48805584796627954,0.01076116048471996,0.11081314764541617,0.7265625,0.010400808291195971,0.5736433320658848
conv.10:out:123,conv.10,123,15428.0,1.9034823,0.08835727321070408,0.0005211607121262565,0.09410490727560017,0.58984375,0.008443666946078449,0.13159354974969018
conv.10:out:124,conv.10,124,15428.0,2.1470244,0.055463063035858795,0.00025595706359737846,0.022748110073095518,0.015625,0.0002236732965848596,0.7160539946963933
conv.10:out:125,conv.10,125,15428.0,1.8314573,0.04221344807319838,3.383862622920869e-05,0.0813566260879881,0.4765625,0.006822035545838217,0.5565394834256112
conv.10:out:126,conv.10,126,15428.0,1.9241542,0.23427204929976142,0.005829781382562425,0.1162900412100415,0.76953125,0.011015909856804335,0.4231819942696411
conv.10:out:127,conv.10,127,15428.0,1.927404,0.0783940350102057,0.000690963325421956,0.06561217069753766,0.25390625,0.0036346910695039683,0.9174817732993081
conv.10:out:128,conv.10,128,15428.0,1.9795979,0.11163142527493619,0.0030687457194578903,0.11802615735598465,0.77734375,0.011127746505096764,0.8559122943833432
conv.10:out:129,conv.10,129,15428.0,2.0424445,0.475847809295999,0.06790086652404775,0.10107362201833058,0.640625,0.009170605159979243,0.22096916376486697
conv.10:out:130,conv.10,130,15428.0,1.909809,0.12370662864668702,0.005687659220594832,0.06971220158463964,0.3125,0.004473465931697192,0.166583176525819
conv.10:out:131,conv.10,131,15428.0,1.8896956,0.3319104627670413,0.009383659573750184,0.09272611062993974,0.58203125,0.00833183029778602,0.9155364039147175
conv.10:out:132,conv.10,132,15428.0,2.0137696,0.07102895099706075,0.00012613817142020922,0.13702306154677402,0.859375,0.012302031312167278,0.1572518885137706
conv.10:out:133,conv.10,133,15428.0,1.8889117,0.12667332647833973,0.001159015863364865,0.0733847418471214,0.3671875,0.0052563224697442,0.7572063264186215
conv.10:out:134,conv.10,134,15428.0,2.058364,0.3974108561333196,0.01830135991870191,0.11222609703772335,0.74609375,0.010680399911927046,0.31251701581211366
conv.10:out:135,conv.10,135,15428.0,2.0468524,0.08068699200157425,0.00018734685937360496,0.11465515980944474,0.76171875,0.010904073208511904,0.3611853466325139
conv.10:out:136,conv.10,136,15428.0,1.7252475,0.18195196172746364,0.0015159179056910554,0.11220537917694173,0.7421875,0.01062448158778083,0.5537246459677773
conv.10:out:137,conv.10,137,15428.0,2.0119634,0.09139108486488112,0.0010509159352577735,0.0756982149783596,0.3828125,0.00547999576632906,0.9259641674233373
conv.10:out:138,conv.10,138,15428.0,1.9263211,0.1676500394114555,0.0007048653571112562,0.08009119465531,0.4453125,0.006374688952668499,0.00205684306461984
conv.10:out:139,conv.10,139,15428.0,1.7847968,0.04535260934426333,0.001099529697218271,0.08721204801594817,0.5390625,0.007716728732177656,0.1622873344023199
conv.10:out:140,conv.10,140,15428.0,1.8211029,0.11856692752917297,0.0005388892432853232,0.10395081615797608,0.6640625,0.009506115104856532,0.7202117786599489
conv.10:out:141,conv.10,141,15428.0,1.9602274,0.14231881598971086,0.0008426751168312263,0.08998808937357694,0.55859375,0.00799632035290873,0.3944665294244958
conv.10:out:142,conv.10,142,15428.0,1.8246864,0.28427218103024643,0.0017730527595148926,0.08711525293980316,0.53515625,0.007660810408031441,0.2878104198967977
conv.10:out:143,conv.10,143,15428.0,1.9977275,0.04929181991604992,0.000481590055696611,0.04956873120374894,0.12109375,0.0017334680485326618,0.9628956581275414
conv.10:out:144,conv.10,144,15428.0,2.0273135,0.1595354151841093,0.0021890855872300358,0.07745073447736806,0.40625,0.005815505711206349,0.26402842332427967
conv.10:out:145,conv.10,145,15428.0,1.741215,0.0782135159788595,0.000841222319318824,0.06418290523433257,0.24609375,0.0035228544212115385,0.7141669578683888
conv.10:out:146,conv.10,146,15428.0,2.058575,0.2523132144669944,0.004502203498613966,0.12834247072491112,0.83203125,0.011910603043143774,0.964225669092555
conv.10:out:147,conv.10,147,15428.0,2.0083518,0.09988842391976505,0.0010418358023415175,0.15011904426364708,0.90625,0.012973051201921855,0.7627660562464376
conv.10:out:148,conv.10,148,15428.0,1.9560142,0.05216804903557204,0.00018194379745207004,0.07085746799249593,0.328125,0.004697139228282052,0.7094140359205118
conv.10:out:149,conv.10,149,15428.0,1.8981135,0.06833397214995784,0.0003309623740576917,0.08080231801381998,0.46484375,0.006654280573399573,0.7232067127676901
conv.10:out:150,conv.10,150,15428.0,1.8093171,0.2535669135398848,0.016357292117451454,0.10816898588436175,0.70703125,0.010121216670464896,0.8052261068309458
conv.10:out:151,conv.10,151,15428.0,1.9045804,0.1283988071463682,0.0010283834296518964,0.14056006149412603,0.8828125,0.012637541257044567,0.27121364891992294
conv.10:out:152,conv.10,152,15428.0,1.8894751,0.3513237297811429,0.004672802825888445,0.16605661478024558,0.92578125,0.01325264282265293,0.6266867251784247
conv.10:out:153,conv.10,153,15428.0,1.9868013,0.31344528432646257,0.01713342244537179,0.10515214245950577,0.67578125,0.009673870077295177,0.802885894043567
conv.10:out:154,conv.10,154,15428.0,1.8945123,0.7520127639826679,0.40186662372417253,0.11332024777026728,0.75,0.01073631823607326,0.8882296412968325
conv.10:out:155,conv.10,155,15428.0,1.8404001,0.13935185053560417,0.00038315090904458837,0.1137434559911803,0.75390625,0.010792236560219475,0.9058341532080582
conv.10:out:156,conv.10,156,15428.0,1.8209897,0.07279545254277764,0.0003964932655979095,0.10018494236786779,0.63671875,0.009114686835833028,0.903896393587496
conv.10:out:157,conv.10,157,15428.0,1.843354,0.2643856149770727,0.0029281352564896265,0.102904635027663,0.65234375,0.009338360132417888,0.09763379946487272
conv.10:out:158,conv.10,158,15428.0,2.1850436,0.040019053585638176,0.00026459856021954914,0.04755747412532685,0.1015625,0.0014538764278015873,0.3764060873778814
conv.10:out:159,conv.10,159,15428.0,1.8308069,0.07327422120215488,0.0004416113549114975,0.08976595241369978,0.5546875,0.007940402028762516,0.45639208349041915
conv.10:out:160,conv.10,160,15428.0,1.8393161,0.3494567079869739,0.003265631843046568,0.2178285674128233,0.96875,0.013867744388261294,0.8916854039669163
conv.10:out:161,conv.10,161,15428.0,1.916647,0.11967260218443698,0.00042166862961456886,0.07613333619183749,0.38671875,0.005535914090475275,0.4192536193798634
conv.10:out:162,conv.10,162,15428.0,2.0447323,0.032719819724434274,7.731452032074676e-05,0.09697732237941636,0.61328125,0.00877917689095574,0.2649121033591305
conv.10:out:163,conv.10,163,15428.0,2.1646903,0.015732836553155494,0.000732854259809653,0.03141472850924387,0.01953125,0.0002795916207310745,0.019858773159258325
conv.10:out:164,conv.10,164,15428.0,1.9547421,0.12713189602027342,0.0005255651860037458,0.06314214424739362,0.234375,0.0033550994487728937,0.28875427776216545
conv.10:out:165,conv.10,165,15428.0,1.924433,0.18818415513669606,0.0023755827381091166,0.07210493462210021,0.35546875,0.005088567497305556,0.7807241847334279
conv.10:out:166,conv.10,166,15428.0,2.0858545,0.15348858515790198,0.0023255555803263217,0.10810913698838753,0.703125,0.01006529834631868,0.020170938059851595
conv.10:out:167,conv.10,167,15428.0,1.8585502,0.12392621521576075,0.0003301374294057968,0.10847650498271832,0.71484375,0.010233053318757327,0.16499392794848766
conv.10:out:168,conv.10,168,15428.0,1.9912801,0.3136539451520548,0.004761359809710493,0.073735202230516,0.375,0.00536815911803663,0.3109684208465644
conv.10:out:169,conv.10,169,15428.0,1.7792573,0.3966174848646915,0.00850388822195583,0.12312183596498016,0.8125,0.011631011422412699,0.5320110718845206
conv.10:out:170,conv.10,170,15428.0,1.9419175,0.012656562871452337,0.0004446010158078903,0.24715840301483638,0.984375,0.014091417684846154,0.3630433181948137
conv.10:out:171,conv.10,171,15428.0,1.9592503,0.0767591806479686,0.0012171380150504622,0.05485910063524635,0.16796875,0.0024044879382872407,0.8826396945897659
conv.10:out:172,conv.10,172,15428.0,2.0426826,0.2145948858048996,0.003512979067275466,0.06996045081594104,0.31640625,0.004529384255843406,0.20747762885186438
conv.10:out:173,conv.10,173,15428.0,2.0178022,0.07758568695862778,0.0006987001420042105,0.06628804844825709,0.26171875,0.003746527717796398,0.5616344004190236
conv.10:out:174,conv.10,174,15428.0,1.8124034,0.03774025559891925,7.636235122019091e-05,0.08090167250585978,0.46875,0.006710198897545787,0.7778175051376995
conv.10:out:175,conv.10,175,15428.0,1.9586691,0.1786090996467351,0.0004602109401835768,0.18685531946541545,0.95703125,0.01369998941582265,0.9296082290939864
conv.10:out:176,conv.10,176,15428.0,2.0821307,0.5678058272269482,0.05049878001019545,0.10711426041772931,0.6953125,0.009953461698026252,0.8734802733413756
conv.10:out:177,conv.10,177,15428.0,1.7320541,0.2588775858057488,0.01444848514238542,0.06538453345291373,0.25,0.0035787727453577534,0.13552100374068055
conv.10:out:178,conv.10,178,15428.0,2.226296,0.32068620451263996,0.01760314461825223,0.05965151115645417,0.20703125,0.0029636711797493896,0.7918000796455894
conv.10:out:179,conv.10,179,15428.0,1.5870248,0.006285100650671893,1.8786848967312824e-05,0.06589276079867079,0.2578125,0.0036906093936501833,0.6753462694980112
conv.10:out:180,conv.10,180,15428.0,1.8701975,0.10757498264297283,0.0014016059510361905,0.08015473844842802,0.44921875,0.006430607276814713,0.4216035573870036
conv.10:out:181,conv.10,181,15428.0,2.0584674,2.1847484616916404,0.8321123979610944,0.17381403785182958,0.9375,0.013420397795091575,0.02556709896246312
conv.10:out:182,conv.10,182,15428.0,2.200958,0.0370439515736507,6.773720375054942e-05,0.016588968216930233,0.01171875,0.00016775497243864468,0.16798147095798632
conv.10:out:183,conv.10,183,15428.0,1.8819577,0.01613919305964373,3.4014694503814447e-05,0.03883958013941924,0.0390625,0.000559183241462149,0.7494608262320578
conv.10:out:184,conv.10,184,15428.0,1.9364325,0.5284307635915866,0.011248866010851906,0.12356958519877637,0.81640625,0.011686929746558914,0.08400476777677468
conv.10:out:185,conv.10,185,15428.0,1.9895587,0.2544139079982415,0.0013560545258841372,0.14621935808965958,0.89453125,0.012805296229483211,0.3126499249880641
conv.10:out:186,conv.10,186,15428.0,1.8896816,0.04863148883168833,0.0004369960568120987,0.054169020968544146,0.1484375,0.002124896317556166,0.25521243827660445
conv.10:out:187,conv.10,187,15428.0,1.9416072,0.1512834846316764,0.0013052646229515727,0.14436433113205638,0.890625,0.012749377905336997,0.7461008968986407
conv.10:out:188,conv.10,188,15428.0,1.9070338,0.08586368201758887,0.0004832250851630193,0.08151109221310548,0.48046875,0.006877953869984433,0.3590598291763175
conv.10:out:189,conv.10,189,15428.0,2.0347495,0.6771863269161713,0.068957205148824,0.23710859126657446,0.98046875,0.014035499360699939,0.08718824098875189
conv.10:out:190,conv.10,190,15428.0,1.9394742,0.18553390661955316,0.009404242904048047,0.1294424021859554,0.8359375,0.011966521367289987,0.3704421018161166
conv.10:out:191,conv.10,191,15428.0,1.9680414,0.0381556153049587,0.00029042465296820474,0.04635674886519037,0.0859375,0.0012302031312167278,0.3268298767186818
conv.10:out:192,conv.10,192,15428.0,1.9117452,0.22460171179045574,0.012387145797058578,0.07311677262927496,0.359375,0.00514448582145177,0.7170213673193974
conv.10:out:193,conv.10,193,15428.0,1.9172382,0.14975092017846237,0.0014557191373279158,0.05460672690762092,0.15625,0.002236732965848596,0.32012222019868797
conv.10:out:194,conv.10,194,15428.0,1.922131,0.3234791305885665,0.004562329682188268,0.2594318315847701,0.99609375,0.014259172657284798,0.6936156490920399
conv.10:out:195,conv.10,195,15428.0,2.1451359,0.3194552858581119,0.01068432770007472,0.09235073200995458,0.578125,0.008275911973639805,0.538594453433759
conv.10:out:196,conv.10,196,15428.0,2.0736868,0.023503811342379777,6.34238007747312e-05,0.07711033086603791,0.39453125,0.005647750738767705,0.8877328287244716
conv.10:out:197,conv.10,197,15428.0,2.0516353,0.014323796082180706,4.179439425723748e-05,0.06261314564051679,0.2265625,0.003243262800480464,0.7333651729435877
conv.10:out:198,conv.10,198,15428.0,1.8559947,0.14528217166298418,0.0011963144155605543,0.08729973359243104,0.54296875,0.007772647056323871,0.4079187425363865
conv.10:out:199,conv.10,199,15428.0,1.9906954,0.1955049783537106,0.0040512795432015025,0.09100759094354771,0.56640625,0.00810815700120116,0.4849095181984443
conv.10:out:200,conv.10,200,15428.0,1.9411513,0.9158495770082116,0.1468917051938357,0.09473113570281866,0.6015625,0.008611421918517093,0.4713857598653367
conv.10:out:201,conv.10,201,15428.0,2.0646954,0.08469226164652355,0.001164118469719764,0.19722501262157233,0.9609375,0.013755907739968865,0.871702397518525
conv.10:out:202,conv.10,202,15428.0,1.9403117,0.2025425309111597,0.001260156509900634,0.0826229842042494,0.50390625,0.007213463814861721,0.1380361717125459
conv.10:out:203,conv.10,203,15428.0,2.007007,0.23919856816246465,0.003975546070475275,0.07170044243696339,0.34765625,0.004976730849013126,0.4242300124285143
conv.10:out:204,conv.10,204,15428.0,1.9641422,0.6029130062505281,0.48118604628096273,0.2879305108726413,1.0,0.014315090981431014,0.5349120574812903
conv.10:out:205,conv.10,205,15428.0,1.8245623,0.1932092161557648,0.018962226375447016,0.06907911735166383,0.30078125,0.004305710959258547,0.43622283223869607
conv.10:out:206,conv.10,206,15428.0,2.0128355,0.2854576464778802,0.00576426826122961,0.08254432643564158,0.49609375,0.007101627166569292,0.5980284679987804
conv.10:out:207,conv.10,207,15428.0,2.0206306,0.15443145805875247,0.0036799549565923947,0.07850360537453582,0.42578125,0.006095097331937424,0.49884309541984917
conv.10:out:208,conv.10,208,15428.0,1.8566046,0.14093760993091564,0.0007081658506613298,0.06071143220754038,0.21875,0.0031314261521880344,0.4136957426619674
conv.10:out:209,conv.10,209,15428.0,1.9267073,0.38146542468166444,0.0046417083382434,0.08900844404198693,0.55078125,0.0078844837046163,0.6868129726159958
conv.10:out:210,conv.10,210,15428.0,1.931506,0.01648749408354888,2.1167373230827208e-05,0.10683884058602144,0.69140625,0.009897543373880036,0.329322465708467
conv.10:out:211,conv.10,211,15428.0,1.9099598,0.19701557065491215,0.0022709674927265666,0.11855307910410673,0.78125,0.01118366482924298,0.6069010136690235
conv.10:out:212,conv.10,212,15428.0,1.7887738,0.37426179491740186,0.005803172514698853,0.05957875219857378,0.203125,0.0029077528556031747,0.7285583473338744
conv.10:out:213,conv.10,213,15428.0,1.9237806,0.34995811772523666,0.008468663053122938,0.09442453343294943,0.59375,0.008499585270224664,0.13064663579388291
conv.10:out:214,conv.10,214,15428.0,2.0737581,0.07656255713362725,0.0008380974137290938,0.03870154346311949,0.03515625,0.000503264917315934,0.326452101504932
conv.10:out:215,conv.10,215,15428.0,1.7607325,0.09578250670836042,0.00014929023495202263,0.10558989075221348,0.68359375,0.009785706725587607,0.9447045555986052
conv.10:out:216,conv.10,216,15428.0,1.8385061,0.03398556344109238,6.935068262903243e-05,0.055326467688530556,0.171875,0.0024604062624334557,0.9660212875626245
conv.10:out:217,conv.10,217,15428.0,1.8916461,0.03466792848848854,5.6274967128233655e-05,0.03432241552198745,0.0234375,0.00033550994487728937,0.9923887631356604
conv.10:out:218,conv.10,218,15428.0,1.8362163,0.03329972865867603,9.158923919420914e-05,0.12090754741450382,0.796875,0.011407338125827839,0.042525833888270914
conv.10:out:219,conv.10,219,15428.0,1.8868759,0.26762399043386154,0.009094237547859376,0.09087657916011338,0.5625,0.008052238677054945,0.8265087689118491
conv.10:out:220,conv.10,220,15428.0,1.9362011,0.6573729094445753,0.07565650913400626,0.11538579980881036,0.765625,0.01095999153265812,0.9352758069942098
conv.10:out:221,conv.10,221,15428.0,1.9467436,0.06249326151009882,0.00029584422572551117,0.1525426129870482,0.91015625,0.01302896952606807,0.9019444400552439
conv.10:out:222,conv.10,222,15428.0,2.4080503,0.026023982537026313,0.0006091619215671285,0.03528330761637555,0.02734375,0.0003914282690235043,0.7149413034806142
conv.10:out:223,conv.10,223,15428.0,1.7601463,0.030434548985795118,0.00012684928170995924,0.0424725904187504,0.05859375,0.0008387748621932234,0.6756193428878896
conv.10:out:224,conv.10,224,15428.0,1.8798922,0.32859350483704475,0.004834387904363968,0.17226504116021601,0.93359375,0.013364479470945361,0.7196066164883864
conv.10:out:225,conv.10,225,15428.0,1.8921442,0.18414330718815108,0.0013084426325947248,0.1354711111743523,0.85546875,0.012246112988021063,0.5748858181470116
conv.10:out:226,conv.10,226,15428.0,1.9567025,0.40396937303012237,0.0068258683088042865,0.17088400594397513,0.9296875,0.013308561146799146,0.7884200798433164
conv.10:out:227,conv.10,227,15428.0,1.9824648,0.28927342961833347,0.005336739153549097,0.08427250187634527,0.51953125,0.007437137111446581,0.5019296038006482
conv.10:out:228,conv.10,228,15428.0,1.8497177,0.2705451850488316,0.0019737878017916377,0.08279657416802877,0.51171875,0.007325300463154151,0.22593749989122835
conv.10:out:229,conv.10,229,15428.0,1.9672549,0.11235174898729383,0.000612207628547537,0.05458084400626717,0.15234375,0.002180814641702381,0.09434902497816688
conv.10:out:230,conv.10,230,15428.0,1.8595531,0.19417046653688885,0.0011494102162161735,0.09561286504049349,0.60546875,0.008667340242663309,0.9082557233023724
conv.10:out:231,conv.10,231,15428.0,1.855979,0.27110180262388894,0.012239044431074986,0.07209822527477172,0.3515625,0.00503264917315934,0.7548789814030864
conv.10:out:232,conv.10,232,15428.0,2.0963826,0.3736365961513002,0.04726100946035318,0.2048391003893597,0.96484375,0.013811826064115079,0.17724193576034308
conv.10:out:233,conv.10,233,15428.0,2.0266752,0.5880453042182126,0.01657807888796009,0.11020107746222152,0.72265625,0.010344889967049756,0.8224582773234224
conv.10:out:234,conv.10,234,15428.0,2.1298862,0.05809565942399786,0.0023948657580317445,0.04642510677272682,0.08984375,0.0012861214553629425,0.30034675292417745
conv.10:out:235,conv.10,235,15428.0,1.9289101,0.0812397030822467,0.0008127438456357189,0.0976497345187397,0.6171875,0.008835095215101953,0.6356549721085979
conv.10:out:236,conv.10,236,15428.0,2.0505571,0.21934789877195726,0.004045413225531529,0.09326909343073453,0.5859375,0.008387748621932235,0.35615285774869865
conv.10:out:237,conv.10,237,15428.0,1.7987515,0.14194949120246747,0.0017829549778806686,0.10745570549346439,0.69921875,0.010009380022172467,0.21416308633064296
conv.10:out:238,conv.10,238,15428.0,1.8390498,0.11941260945241083,0.0008703139107574531,0.0740376403635139,0.37890625,0.005424077442182845,0.17560876378281154
conv.10:out:239,conv.10,239,15428.0,1.9375472,0.2048327698430512,0.0013225662651090708,0.08790661543217837,0.546875,0.007828565380470085,0.07095031074440761
conv.10:out:240,conv.10,240,15428.0,1.9941356,0.0750650806289741,0.0003984585557929021,0.10014433638443165,0.6328125,0.009058768511686813,0.07443855639465857
conv.10:out:241,conv.10,241,15428.0,2.1508608,0.055669311727370996,0.0016664013060874706,0.04346225141429616,0.0625,0.0008946931863394384,0.06909021073258215
conv.10:out:242,conv.10,242,15428.0,2.0569854,0.054284471490973374,0.00020458500556805315,0.06261635739173244,0.23046875,0.0032991811246266788,0.08991876663737164
conv.10:out:243,conv.10,243,15428.0,1.9429467,0.5505203934717429,0.02954926352829037,0.1380778072323383,0.8671875,0.012413867960459707,0.8340292890000545
conv.10:out:244,conv.10,244,15428.0,1.866698,0.09238108723729965,0.0011530235764362073,0.06920825767511474,0.3046875,0.004361629283404762,0.5178083255163458
conv.10:out:245,conv.10,245,15428.0,2.0865846,0.030015307107532863,4.341708318844617e-05,0.04829941346459954,0.10546875,0.0015097947519478023,0.12858401479946935
conv.10:out:246,conv.10,246,15428.0,2.222531,0.042371130590936446,0.00017267082578867495,0.08196163801765088,0.484375,0.006933872194130647,0.5249946488828098
conv.10:out:247,conv.10,247,15428.0,1.928994,0.27757668557592297,0.11133479745921296,0.11896068072277055,0.7890625,0.01129550147753541,0.5426298015540887
conv.10:out:248,conv.10,248,15428.0,1.9989344,0.04008957918495071,0.00015709487018902846,0.04126883750504229,0.05078125,0.0007269382139007937,0.4965920349441739
conv.10:out:249,conv.10,249,15428.0,1.9011859,0.15499076769219755,0.0011880407054165563,0.0709107776451674,0.33203125,0.004753057552428266,0.20648636461693026
conv.10:out:250,conv.10,250,15428.0,2.1167471,0.0010655256372160693,1.5628292565419977e-06,0.08439047765837476,0.5234375,0.007493055435592796,0.43439788722453043
conv.10:out:251,conv.10,251,15428.0,1.9925433,0.5424552467011381,0.011868049199182273,0.13770744359563025,0.86328125,0.012357949636313491,0.8708564535693805
conv.10:out:252,conv.10,252,15428.0,1.9624708,0.06718816589265941,0.0011983461141542562,0.057460852211846714,0.1875,0.002684079559018315,0.3837354777850742
conv.10:out:253,conv.10,253,15428.0,1.7590641,0.1169683590742352,0.000518266515054093,0.0662974899757387,0.265625,0.003802446041942613,0.5039852429121634
conv.10:out:254,conv.10,254,15428.0,1.9057328,0.09918126491947987,0.0005360116608138649,0.06882078182849227,0.296875,0.004249792635112332,0.9302423990750158
conv.10:out:255,conv.10,255,15428.0,1.8931769,0.44319738516787766,0.0036002842605758756,0.1527298068190106,0.9140625,0.013084887850214286,0.23280139794441634
