set_id,architecture,budget,set_seed,split,prefix_length,realised_flops,n_removed,sum_harm_awbir,mean_harm_awbir,sum_harm_hsr_balanced_soc,mean_harm_hsr_balanced_soc,sum_harm_fine_macro_f1,mean_harm_fine_macro_f1,sum_harm_family_macro_f1,mean_harm_family_macro_f1,raw_awbir,raw_hsr_delta,raw_fine_f1_loss,raw_family_f1_loss,raw_attack_to_benign,raw_benign_to_attack
shallow_b25_s22276,shallow,0.25,22276,discovery,25,0.24669261844995294,25,2.1483873018601116,0.08593549207440447,0.20225105147799327,0.00809004205911973,0.48125646061427285,0.019250258424570912,0.5092281689236707,0.02036912675694683,0.39200916757836607,0.2659101435849931,0.4620141237155375,0.35710621391567876,0.0,1.0
shallow_b25_s22277,shallow,0.25,22277,confirmation,24,0.24722897709444613,24,2.5977022159781544,0.1082375923324231,0.25222439428943727,0.010509349762059887,0.676435098201476,0.02818479575839483,0.5060658371893173,0.021086076549554886,0.4389045563283225,0.12531264474293657,0.31755357928354866,0.20451165294949075,0.0,1.0
shallow_b25_s22278,shallow,0.25,22278,discovery,27,0.24706718700972696,27,1.945437095542268,0.07205322576082474,0.23326817131686461,0.008639561900624615,0.5564190476365382,0.02060811287542734,0.37640106805310536,0.013940780298263162,0.32077513306958827,0.09643353404353866,0.21864412292926066,0.14552089112106703,0.0,1.0
shallow_b25_s22279,shallow,0.25,22279,confirmation,28,0.2539751333542516,28,2.5127320433000007,0.08974043011785716,0.44432201883774647,0.015868643529919516,1.0007146996655152,0.03573981070233983,0.8122557416370775,0.029009133629895625,0.40455650799059223,0.17350625289485871,0.33155634531029476,0.276336945900884,0.0,1.0
shallow_b25_s22280,shallow,0.25,22280,discovery,25,0.24669261844995294,25,2.296113031598603,0.09184452126394411,0.3540311592915105,0.01416124637166042,0.6441992297896217,0.02576796919158487,0.5489176304075436,0.021956705216301744,0.4558813617888601,0.19569245020842985,0.40903393399863963,0.21588774500617952,0.015990453460620526,0.8828125
shallow_b25_s22281,shallow,0.25,22281,confirmation,24,0.24722897709444613,24,2.562162739246695,0.10675678080194562,0.3292932883123033,0.013720553679679304,0.8245831439684379,0.03435763099868491,0.4970028117957592,0.020708450491489967,0.44252378314990565,0.29261232051875863,0.5102631348155993,0.3929818230012998,0.0008353221957040572,1.0
shallow_b25_s22282,shallow,0.25,22282,discovery,26,0.25335935048635083,26,2.372840626025134,0.0912631010009667,0.5730821633789469,0.022041621668421035,1.00239184901615,0.03855353265446731,0.8199862949040522,0.03153793441938662,0.4173977356961105,0.09258916164891151,0.23334142159735105,0.189553383731833,0.02494033412887828,0.890625
shallow_b25_s22283,shallow,0.25,22283,confirmation,25,0.24669261844995294,25,2.2935250767869615,0.09174100307147846,0.209335939813991,0.008373437592559641,0.5444957201349829,0.021779828805399318,0.43051642269383034,0.017220656907753214,0.448736838692222,0.21820287169986108,0.4004656300590149,0.30401109672254933,0.0,1.0
shallow_b25_s22284,shallow,0.25,22284,discovery,25,0.24669261844995294,25,2.2242017964689493,0.08896807185875798,0.527670161720277,0.021106806468811082,1.0166549970926753,0.04066619988370701,0.9228564220481655,0.03691425688192662,0.3135873688979295,0.31412691060676246,0.4953077203660554,0.4393288754310312,0.0,1.0
shallow_b25_s22285,shallow,0.25,22285,confirmation,25,0.24669261844995294,25,2.139793568778671,0.08559174275114684,0.17848468692612965,0.007139387477045186,0.5189213313335985,0.020756853253343942,0.2881462397407124,0.011525849589628497,0.354513959712925,0.13385826771653547,0.33121349070152845,0.24158226123612236,0.0027446300715990453,1.0
shallow_b25_s22286,shallow,0.25,22286,discovery,24,0.24722897709444613,24,2.6249820033464886,0.10937425013943702,0.3459747645281671,0.01441561518867363,0.7792300588479335,0.032467919118663896,0.6161884612055049,0.025674519216896036,0.4634557677203704,0.17570634553033815,0.394392417644833,0.22694076074273573,0.00035799522673031026,1.0
shallow_b25_s22287,shallow,0.25,22287,confirmation,28,0.2479781142139944,28,1.8151118137550533,0.06482542191982334,0.07915407854984866,0.002826931376780309,0.19847125185693149,0.0070882589948904106,0.13594254638706277,0.004855090942395099,0.3606213023700884,0.03557202408522464,0.11348194591275046,0.10219489326804732,0.005489260143198091,1.0
shallow_b25_s22288,shallow,0.25,22288,discovery,24,0.24722897709444613,24,2.008231857981851,0.08367632741591047,0.1325158462176404,0.005521493592401683,0.40736360078652084,0.016973483366105036,0.39474993026477956,0.01644791376103248,0.4080699672881092,0.13862899490504865,0.263913576134963,0.1887039561169329,0.013365155131264916,0.91796875
shallow_b25_s22289,shallow,0.25,22289,confirmation,24,0.25467328208346407,24,2.8461061170913218,0.11858775487880507,0.3705823114744382,0.015440929644768259,0.8044292081911618,0.033517883674631745,0.663971291314013,0.02766547047141721,0.4457854627481733,0.16683649837887915,0.4032675641241171,0.23191539404140138,0.03317422434367542,0.8203125
shallow_b25_s22290,shallow,0.25,22290,discovery,25,0.24669261844995294,25,2.5736477592761187,0.10294591037104475,0.4488359694330899,0.017953438777323596,1.0168005853251008,0.04067202341300403,0.7388320249716563,0.029553280998866255,0.48963418549245163,0.31021306160259376,0.5215353364635025,0.43050791525189713,0.0,1.0
shallow_b25_s22291,shallow,0.25,22291,confirmation,29,0.24397748666457486,29,1.6397634483207912,0.05654356718347556,0.14997926663112324,0.005171698849349077,0.32628230719294526,0.011251114041136044,0.23634965330064625,0.00814998804484987,0.35752402336583977,0.08862899490504861,0.15889176249194592,0.10468241999280004,0.09522673031026253,0.6875
shallow_b25_s22292,shallow,0.25,22292,discovery,25,0.24669261844995294,25,2.0846576583199954,0.08338630633279981,0.3029678336591432,0.012118713346365727,0.662380579983355,0.0264952231993342,0.49748501942693263,0.019899400777077306,0.318550213446457,0.3080592867068087,0.48519026425180006,0.4205869189164928,0.00047732696897374703,1.0
shallow_b25_s22293,shallow,0.25,22293,confirmation,25,0.24669261844995294,25,2.220456223630067,0.08881824894520268,0.15745512706593195,0.006298205082637278,0.4887091359692124,0.019548365438768495,0.43057401323720607,0.017222960529488244,0.3755713081246052,0.16185734136174157,0.3232665308625515,0.25770464781638697,0.0,1.0
shallow_b25_s22294,shallow,0.25,22294,discovery,25,0.24669261844995294,25,2.140525008698872,0.08562100034795489,0.5251940050944847,0.021007760203779386,1.0406295154444267,0.04162518061777707,0.9421508555409033,0.03768603422163613,0.3316170367126256,0.32730430754979156,0.5184967200030939,0.45108997860904054,0.0,1.0
shallow_b25_s22295,shallow,0.25,22295,confirmation,26,0.24663868842171321,26,2.5289773062413197,0.09726835793235845,0.29455600971506357,0.011329077296733214,0.6499241340618209,0.024997082079300806,0.6118101394105214,0.023531159208096977,0.3555080007945036,0.12491894395553499,0.31904306941893446,0.17679081115201317,0.0,1.0
shallow_b25_s22296,shallow,0.25,22296,discovery,25,0.24669261844995294,25,2.6723183793144223,0.10689273517257689,0.8139565191635559,0.03255826076654224,1.4196297404061997,0.05678518961624799,1.2068986740804621,0.048275946963218484,0.39407261252564346,0.33761000463177404,0.535860051936413,0.4670536649546939,0.0,1.0
shallow_b25_s22297,shallow,0.25,22297,confirmation,26,0.24663868842171321,26,2.0718268415633765,0.07968564775243756,0.15788164208281485,0.006072370849339033,0.4516823518235437,0.017372398147059372,0.3044611404392864,0.011710043863049477,0.2971094397454951,0.08117183881426587,0.2541288970186489,0.1328828545014616,0.0016706443914081145,1.0
shallow_b25_s22298,shallow,0.25,22298,discovery,21,0.2434440696579856,21,2.78955707570562,0.13283605122407713,0.4984064925063675,0.023733642500303215,1.128201337964711,0.0537238732364148,0.8269760465298701,0.03937981173951762,0.5894644438058804,0.2795738767948124,0.48794943251489287,0.3520795855858364,0.037708830548926014,0.9609375
shallow_b25_s22299,shallow,0.25,22299,confirmation,26,0.24663868842171321,26,2.1662499240405997,0.0833173047707923,0.19892186481843419,0.007650840954555161,0.5948209914521625,0.02287773044046779,0.34945020411149313,0.01344039246582666,0.3617201615483883,0.16264474293654468,0.41099779455070723,0.31163026012627004,0.0,1.0
shallow_b25_s22300,shallow,0.25,22300,discovery,23,0.25605389080640095,23,2.487414129255051,0.10814844040239352,0.25900124400213254,0.011260923652266632,0.6978428158717012,0.03034099199442179,0.47536162557066214,0.02066789676394183,0.4543553693210268,0.1364057433997221,0.37178741022493417,0.2438686564690054,0.0042959427207637235,0.92578125
shallow_b25_s22301,shallow,0.25,22301,confirmation,26,0.24663868842171321,26,2.4477769333352675,0.09414526666674106,0.36164919139861323,0.013909584284562047,0.6956144302531634,0.026754401163583207,0.6357148895748247,0.024450572675954796,0.34395373960712733,0.13832792959703566,0.2986420371024491,0.19271662333471223,0.040334128878281625,0.546875
shallow_b25_s22302,shallow,0.25,22302,discovery,25,0.25377510197678066,25,2.3805905970110564,0.09522362388044225,0.3839227533913865,0.015356910135655459,1.0010657158960095,0.04004262863584038,0.6355266191821239,0.025421064767284958,0.47049805958265795,0.2558128763316351,0.5072945923309072,0.34408672483125435,0.00023866348448687351,1.0
shallow_b25_s22303,shallow,0.25,22303,confirmation,27,0.24706718700972696,27,1.9149035755005983,0.0709223546481703,0.12963686985368136,0.004801365550136347,0.45276451866736006,0.01676905624693926,0.39154342687016386,0.014501608402598662,0.31380044421139197,0.14205650764242705,0.26605457600528226,0.20884435537550544,0.0,1.0
shallow_b25_s22304,shallow,0.25,22304,discovery,25,0.25377510197678066,25,2.906331575472241,0.11625326301888965,0.45377643504531673,0.018151057401812668,0.8997473088156014,0.03598989235262406,0.7175492025327661,0.028701968101310645,0.4662875730390996,0.1254515979620195,0.34086056069483606,0.23761439873211793,0.0,1.0
shallow_b25_s22305,shallow,0.25,22305,confirmation,28,0.2479781142139944,28,1.9551057076662843,0.06982520384522443,0.12969610805047027,0.004632003858945367,0.2681121645318875,0.009575434447567411,0.2553868341880451,0.009120958363858752,0.3615245975635993,0.10250115794349235,0.19507398012486676,0.16130569471236694,0.011813842482100238,0.84765625
shallow_b25_s22306,shallow,0.25,22306,discovery,24,0.24722897709444613,24,2.2871621282967145,0.0952984220123631,0.23829157040459642,0.00992881543352485,0.6937520819812861,0.028906336749220257,0.4304163144917306,0.01793401310382211,0.3430532975596975,0.28781843446039834,0.48060994313846445,0.36044211089154615,0.0,1.0
shallow_b25_s22307,shallow,0.25,22307,confirmation,25,0.25377510197678066,25,2.3474862090515676,0.09389944836206271,0.4063384870564535,0.01625353948225814,0.9431605380308649,0.03772642152123459,0.6968944735166636,0.02787577894066654,0.40956412556501937,0.20690134321445114,0.406333478756272,0.30946660308407825,0.0,1.0
shallow_b25_s22308,shallow,0.25,22308,discovery,28,0.2479781142139944,28,1.4790141342052225,0.05282193336447223,0.0799597180261829,0.002855704215220818,0.2529499916703679,0.009033928273941711,0.24963010428661161,0.008915360867378987,0.2432461330771108,0.1006716072255674,0.18016106124538317,0.16016158963738603,0.0021479713603818618,0.984375
shallow_b25_s22309,shallow,0.25,22309,confirmation,26,0.24663868842171321,26,2.3663451356480563,0.09101327444800217,0.46478289200876693,0.017876265077260266,0.8851776098104516,0.03404529268501737,0.6508563931626427,0.025032938198563177,0.5633158814988392,0.30081056044465027,0.5052043012407831,0.40984720333463753,0.001431980906921241,1.0
shallow_b25_s22310,shallow,0.25,22310,discovery,28,0.2539751333542516,28,2.4740152985735344,0.08835768923476908,0.5253243291274209,0.018761583183122175,0.9570212169049312,0.03417932917517612,0.8679752749277978,0.030999116961707065,0.5275544348576138,0.2916164891153312,0.5104465346190238,0.4117476211730514,0.0,1.0
shallow_b25_s22311,shallow,0.25,22311,confirmation,25,0.24669261844995294,25,2.345498817344904,0.09381995269379616,0.6160535513298974,0.024642142053195894,1.161615809903351,0.046464632396134034,0.8183324921190878,0.03273329968476351,0.36967406841800227,0.314821676702177,0.498506703485172,0.43828300784661345,0.0008353221957040572,0.98828125
shallow_b25_s22312,shallow,0.25,22312,discovery,27,0.24706718700972696,27,1.9925372018714338,0.07379767414338644,0.20209703216634,0.00748507526542,0.46491036325652274,0.017218902342834175,0.34288419202741915,0.012699414519534043,0.4528846716762576,0.16093098656785554,0.3741001939760723,0.23568288879079627,0.004057279236276849,0.984375
shallow_b25_s22313,shallow,0.25,22313,confirmation,23,0.24824776435519302,23,2.765317746314806,0.1202312063615133,0.4646407203364726,0.020201770449411852,0.9941480329614534,0.04322382752006319,0.697836720325342,0.030340726970667045,0.5187594434430737,0.13344140805928673,0.36041743830525574,0.22204459683167116,0.0038186157517899762,1.0
shallow_b25_s22314,shallow,0.25,22314,discovery,27,0.24706718700972696,27,2.028553777840363,0.07513162140149492,0.1136070138024999,0.004207667177870367,0.3303649270920028,0.012235738040444548,0.29086766967875266,0.010772876654768617,0.3835926437571117,0.10822139879573878,0.2986612441455569,0.15482559862279005,0.0011933174224343676,0.98828125
shallow_b25_s22315,shallow,0.25,22315,confirmation,27,0.24706718700972696,27,1.927992092199868,0.07140711452592104,0.11973224335051232,0.004434527531500456,0.3779335699054698,0.01399753962612851,0.23149868321642358,0.008574025304311984,0.291474114276047,0.07542843909217234,0.20850653387597035,0.09789788660015147,0.00047732696897374703,1.0
shallow_b40_s22426,shallow,0.4,22426,discovery,41,0.3944952149356762,41,4.299622582295299,0.10486884347061706,0.89534980155204,0.021837800037854634,1.6418280013153244,0.04004458539793474,1.4205818642971977,0.03464833815359019,0.41757188607109436,0.3394627142195461,0.5340238406603798,0.46762939968422124,0.0,1.0
shallow_b40_s22427,shallow,0.4,22427,confirmation,47,0.3977898493881393,47,3.040122830521339,0.06468346447917743,0.3840412297849644,0.008171089995424775,0.8344252671027921,0.01775372908729345,0.8095502290592009,0.017224472958706404,0.47584576454181166,0.21614173228346456,0.47379549888136924,0.3197115359527831,0.0,1.0
shallow_b40_s22428,shallow,0.4,22428,discovery,40,0.4028377000313774,40,4.52418527683701,0.11310463192092526,0.4322966648895199,0.010807416622237997,1.1283329577792585,0.028208323944481462,0.8071462939300466,0.020178657348251163,0.36600736852980537,0.3324687355257063,0.5237715580533033,0.45192232266611965,0.0,1.0
shallow_b40_s22429,shallow,0.4,22429,confirmation,43,0.3997813382491371,43,3.688623292275349,0.08578193702965928,0.48282684675078447,0.011228531319785686,1.0789577233439787,0.025092040077766945,0.9126732687235687,0.021224959737757412,0.5046168811123056,0.18471514590088,0.48631149332984513,0.35039829487657503,0.0,1.0
shallow_b40_s22430,shallow,0.4,22430,discovery,39,0.39725643238155006,39,3.8264457644464103,0.09811399396016436,0.5997156566554109,0.01537732452962592,1.4701929560926825,0.03769725528442776,1.120542876991031,0.028731868640795667,0.5063546118980443,0.25595182955071794,0.4620727401261136,0.3232492136105084,0.004892601431980907,0.96484375
shallow_b40_s22431,shallow,0.4,22431,confirmation,47,0.40246018983369936,47,3.4434471462741834,0.07326483289945071,0.2649961495172082,0.005638215947174642,0.7361255885698005,0.015662246565314904,0.5232558539858646,0.011133103276294992,0.5172847185963406,0.1777443260768875,0.43201953441525937,0.23849252380817298,0.04355608591885442,0.8125
shallow_b40_s22432,shallow,0.4,22432,discovery,44,0.39972740822089736,44,3.716745136631859,0.0844714803779968,0.5234168591908049,0.01189583770888193,1.1599367957842024,0.02636219990418642,1.0030054616629842,0.022795578674158733,0.43431742994206507,0.3039138490041686,0.5009495028420117,0.4215524569357345,0.0,1.0
shallow_b40_s22433,shallow,0.4,22433,confirmation,44,0.39972740822089736,44,3.823109085968432,0.08688884286291891,0.7073040696641187,0.016075092492366334,1.4002037360127615,0.031822812182108216,1.1178906842492555,0.025406606460210354,0.428868333103625,0.28367299675775826,0.504133169848063,0.3958856800429852,0.0,1.0
shallow_b40_s22434,shallow,0.4,22434,discovery,43,0.4061401788515846,43,3.6481874289001395,0.08484156811395673,0.6020496416089087,0.014001154456021132,1.3087212277389864,0.03043537738927875,1.069716166867107,0.024877120159700162,0.358880488676775,0.303682260305697,0.49006590892279933,0.4192474211910907,0.0,1.0
shallow_b40_s22435,shallow,0.4,22435,confirmation,45,0.3947619234389709,45,3.3856428289428426,0.07523650730984095,0.3764942835140093,0.008366539633644652,0.7788190163374781,0.017307089251943956,0.5583454912001101,0.01240767758222467,0.41048480411543337,0.16998610467809172,0.3599483649091026,0.22704097694747788,0.010620525059665872,1.0
shallow_b40_s22436,shallow,0.4,22436,discovery,45,0.4001559068089112,45,3.9114825558819435,0.0869218345751543,0.4244416799952606,0.009432037333228014,1.0366312796735528,0.023036250659412286,0.7486130004415457,0.01663584445425657,0.5498668934173423,0.24606299212598426,0.48885714321463714,0.34328384023174224,0.00047732696897374703,0.94921875
shallow_b40_s22437,shallow,0.4,22437,confirmation,43,0.4061401788515846,43,4.375936558172338,0.10176596646912414,0.5530715005035239,0.012862127918686603,1.3174506881280237,0.03063838809600055,0.9826965128964971,0.022853407276662723,0.28831083594825124,0.23874478925428438,0.46138534792711916,0.31884376661654074,0.00047732696897374703,0.9921875
shallow_b40_s22438,shallow,0.4,22438,discovery,41,0.40133648415437717,41,3.9834446425394265,0.09715718640340065,0.4575321367217574,0.011159320407847742,1.1285881271852762,0.027526539687445763,0.780550203078295,0.019037809831177928,0.5207240089940006,0.27054191755442336,0.4962691360660382,0.36936844872549,0.0,1.0
shallow_b40_s22439,shallow,0.4,22439,confirmation,43,0.3997813382491371,43,3.989246778982279,0.09277318090656463,0.719293880694271,0.016727764667308628,1.4322349979588311,0.03330779065020537,1.2098478671372046,0.02813599691016755,0.35273803915457214,0.331959240389069,0.5226873035494427,0.4607571022423671,0.0,1.0
shallow_b40_s22440,shallow,0.4,22440,discovery,42,0.4003176968936304,42,4.226465637252096,0.10063013422028799,1.0785024583851661,0.025678629961551576,2.0241363219555155,0.0481937219513218,1.6065456790883756,0.038251087597342276,0.43181744073105227,0.3310792033348773,0.5356899992120652,0.44989693022242805,0.0,1.0
shallow_b40_s22441,shallow,0.4,22441,confirmation,43,0.3997813382491371,43,4.220851641548407,0.09815934050112575,0.7360227474675662,0.017116808080641074,1.5192090444094188,0.035330442893242296,1.2306158022603324,0.028618972145589127,0.3227956255867672,0.3161648911533117,0.5044618045820938,0.44953227808531426,0.0,1.0
shallow_b40_s22442,shallow,0.4,22442,discovery,48,0.4000274552871038,48,3.1866525262811147,0.06638859429752322,0.5523487945026953,0.011507266552139484,0.949508900325412,0.019781435423446084,0.7161528238361634,0.014919850496586737,0.42944767493764907,0.295877721167207,0.48848701101243447,0.39602235970905486,0.014319809069212411,0.9765625
shallow_b40_s22443,shallow,0.4,22443,confirmation,43,0.4061401788515846,43,4.130142847004008,0.096049833651256,0.39114981339967964,0.009096507288364643,1.1940061173275545,0.027767584123896617,0.9189739392924254,0.021371486960288965,0.42226304009156423,0.30773506252894856,0.5052734026159565,0.44103287941999236,0.0,1.0
shallow_b40_s22444,shallow,0.4,22444,discovery,41,0.40133648415437717,41,3.954725976781197,0.09645673114100481,0.40381493987322964,0.009849144874956821,1.018999192072714,0.024853638831041802,0.6880063184487775,0.016780641913384815,0.46528342868686734,0.2809170912459472,0.4895207227778257,0.34992061523391454,0.00011933174224343676,0.98828125
shallow_b40_s22445,shallow,0.4,22445,confirmation,44,0.39972740822089736,44,3.248753570855486,0.07383530842853378,0.29884485516260845,0.006791928526422919,0.5905539991309621,0.013421681798430956,0.5167977845410701,0.011745404194115228,0.49961071180492034,0.19011116257526633,0.3991763859859745,0.29475151961942303,0.0513126491646778,0.9375
shallow_b40_s22446,shallow,0.4,22446,discovery,46,0.40106683401317855,46,3.8769560320235192,0.08428165287007651,0.7062377821219116,0.015352995263519817,1.451628468576942,0.03155714062123787,1.159794251072566,0.025212918501577523,0.4170881499378857,0.24641037517369152,0.4204805916460178,0.3201881613606112,0.0,1.0
shallow_b40_s22447,shallow,0.4,22447,confirmation,45,0.4001559068089112,45,4.077641852690603,0.09061426339312452,0.7671701913393745,0.01704822647420832,1.5456828296639353,0.03434850732586523,1.3102978392310987,0.02911772976069108,0.6029264399746948,0.2472209356183418,0.4823195665308305,0.28949740208461777,0.04558472553699284,0.69140625
shallow_b40_s22448,shallow,0.4,22448,discovery,44,0.39972740822089736,44,4.124779092794001,0.09374497938168184,0.6860730999348374,0.015592570453064487,1.4604928048369243,0.03319301829174828,1.213397626971783,0.02757721879481325,0.3937300701958893,0.3320287169986105,0.5239560323565373,0.4511341863026802,0.0022673031026252985,0.953125
shallow_b40_s22449,shallow,0.4,22449,confirmation,43,0.3997813382491371,43,3.721594299112602,0.08654870463052562,0.8970440139802139,0.020861488697214277,1.5729355594896062,0.03657989673231642,1.4813871313494593,0.03445086351975487,0.5045853806784292,0.268202871699861,0.4854825142110634,0.3658664931477462,0.005847255369928401,0.98828125
shallow_b40_s22450,shallow,0.4,22450,discovery,44,0.40572442736115466,44,4.105628397445335,0.09330973630557579,0.5783306676144777,0.013143878809419947,1.4274395777067073,0.032441808584243344,1.1005329772577757,0.025012113119494903,0.5497572296100888,0.27765169059749883,0.5246412650538587,0.3596339331309899,0.0,1.0
shallow_b40_s22451,shallow,0.4,22451,confirmation,47,0.3977898493881393,47,2.8386583743497504,0.06039698668829256,0.4763817309401095,0.010135781509364032,0.9883807630727931,0.021029377937719,0.779701276144448,0.01658938885413719,0.32246387572190327,0.17524316813339508,0.38903564344797215,0.20568305135208292,0.007875894988066826,0.9921875
shallow_b40_s22452,shallow,0.4,22452,discovery,41,0.3944952149356762,41,4.194542977494595,0.10230592628035597,0.42816183875362707,0.010442971676917732,1.0591410000213077,0.025832707317592872,0.8093195271839024,0.01973950066302201,0.5228548597909175,0.2337656322371468,0.46973443897358486,0.2581384744811037,0.09391408114558472,0.9453125
shallow_b40_s22453,shallow,0.4,22453,confirmation,47,0.40246018983369936,47,3.4077000915979285,0.07250425726804104,0.17324803032995648,0.003686128304892691,0.730054742001532,0.015533079617053872,0.3937952046582038,0.008378621375706463,0.4964804328636504,0.20780453913849006,0.42304002094068854,0.3134463670267916,0.0,1.0
shallow_b40_s22454,shallow,0.4,22454,discovery,41,0.3944952149356762,41,3.6845717356860885,0.08986760330941679,0.7493394941057987,0.0182765730269707,1.5970598910915161,0.03895268027052479,1.1938978460266898,0.029119459659187556,0.4553251438953342,0.3045622973598888,0.5093535682554909,0.3903866252272982,0.0,1.0
shallow_b40_s22455,shallow,0.4,22455,confirmation,44,0.40572442736115466,44,3.509585359762853,0.07976330363097393,0.37823588649961415,0.008596270147718504,0.9483344526640971,0.021553055742365844,0.7812827795778401,0.017756426808587276,0.44342150212310283,0.21556276053728574,0.4518736544933379,0.28415928948442337,0.0,1.0
shallow_b40_s22456,shallow,0.4,22456,discovery,44,0.40572442736115466,44,3.939806330967563,0.08954105297653553,0.29562229725727124,0.006718688574028892,0.7662357027320318,0.017414447789364358,0.7068505167562393,0.01606478447173271,0.4364915651833464,0.2751273737841593,0.4950502957289067,0.36307136666916945,0.0,1.0
shallow_b40_s22457,shallow,0.4,22457,confirmation,44,0.39972740822089736,44,3.3159103648219603,0.0753615992004991,0.4451039630353639,0.010115999159894635,0.9650192792656282,0.021932256346946098,0.8196896855036593,0.018629311034174076,0.4776305150235271,0.22654006484483558,0.4361808332045888,0.3100030968422579,0.0017899761336515514,0.953125
shallow_b40_s22458,shallow,0.4,22458,discovery,43,0.4061401788515846,43,3.7715638133068166,0.08771078635597247,0.40930039689591785,0.009518613881300415,1.0079347707040975,0.023440343504746455,0.6672840301786777,0.015518233259969249,0.5229266955020735,0.2791570171375637,0.5123079324368696,0.3959571899236231,0.0,1.0
shallow_b40_s22459,shallow,0.4,22459,confirmation,42,0.4003176968936304,42,4.078356722557265,0.0971037314894587,0.6817605592085775,0.01623239426687089,1.4106798540713195,0.03358761557312665,1.208514786459231,0.02877416158236264,0.3747152970612511,0.239300602130616,0.4637026135265529,0.26729304730491,0.0017899761336515514,0.99609375
shallow_b40_s22460,shallow,0.4,22460,discovery,42,0.4003176968936304,42,3.2559938043771255,0.07752366200897917,0.5128013743261648,0.012209556531575353,1.1336404514223,0.02699143931957857,0.809364635426576,0.01927058655777562,0.401593318512241,0.2327698008337193,0.42522448960690107,0.32338631543419644,0.0,1.0
shallow_b40_s22461,shallow,0.4,22461,confirmation,43,0.3997813382491371,43,3.700433325434012,0.08605658896358168,0.2358628043362357,0.0054851814961915275,0.8523755457098571,0.01982268710953156,0.43732590290588325,0.01017036983502054,0.5476512256987796,0.2478693839740621,0.46481421737373774,0.34686405922719377,0.0,1.0
shallow_b40_s22462,shallow,0.4,22462,discovery,46,0.40106683401317855,46,4.186418966338973,0.09100910796389072,0.6642852911557369,0.014440984590342106,1.5045218587822269,0.03270699693004841,1.0506361167634286,0.022839915581813666,0.5421954706870113,0.2821213524779991,0.4866277219090401,0.3584757352174844,0.0,1.0
shallow_b40_s22463,shallow,0.4,22463,confirmation,42,0.4003176968936304,42,4.009034447611181,0.09545320113359954,0.6585154907884601,0.015678940256868095,1.4051215535987265,0.033455275085683966,1.2164324982556498,0.028962678529896424,0.358071027063122,0.3296433534043539,0.5361160407831468,0.4589094918162559,0.0,1.0
shallow_b40_s22464,shallow,0.4,22464,discovery,45,0.4001559068089112,45,3.4639008638896316,0.07697557475310292,0.3803092233872391,0.00845131607527198,1.0474507144175031,0.02327668254261118,0.6455196734597496,0.01434488163243888,0.559152466080122,0.26623436776285314,0.49090971723250443,0.3924124141850448,0.0,1.0
shallow_b40_s22465,shallow,0.4,22465,confirmation,43,0.3997813382491371,43,3.5524285231185426,0.0826146168167103,0.8415970617854391,0.019572024692684632,1.5848711569854466,0.036857468767103406,1.3876432055787016,0.0322707722227605,0.31038112378591304,0.2965956461324687,0.4782010541412679,0.4038407736215349,0.0,1.0
shallow_b55_s22576,shallow,0.55,22576,discovery,66,0.5479506589268905,66,5.023630000970437,0.07611560607530965,0.5150524258041581,0.007803824633396335,1.182033791424125,0.01790960290036553,0.8175711970183369,0.012387442379065711,0.5350055828348715,0.260097267253358,0.5253956336280434,0.39229889624443726,0.0,1.0
shallow_b55_s22577,shallow,0.55,22577,confirmation,65,0.5514688578600565,65,4.827480286548468,0.07426892748536104,0.7269000651620156,0.01118307792556947,1.634372774170071,0.025144196525693403,1.2285679387394122,0.01890104521137557,0.415916129250681,0.30365910143584995,0.5328096213235756,0.4213722618387494,0.0,1.0
shallow_b55_s22578,shallow,0.55,22578,discovery,60,0.5547536868528397,60,6.035318661189977,0.10058864435316628,0.6930395118772584,0.01155065853128764,1.907407445901202,0.03179012409835337,1.3282009968999806,0.022136683281666344,0.527548830371782,0.2530338119499769,0.5219086558857483,0.35913990877173885,0.0,1.0
shallow_b55_s22579,shallow,0.55,22579,confirmation,67,0.5535319265767179,67,5.1827035649811855,0.07735378455195799,0.6037438540370825,0.009011102299060934,1.6166514286345899,0.024129125800516266,1.113748431966533,0.016623110924873626,0.38315671034762383,0.26604909680407596,0.5122941465409594,0.3573840658462648,0.0,1.0
shallow_b55_s22580,shallow,0.55,22580,discovery,60,0.5482742390963289,60,5.830740324709649,0.09717900541182749,0.9652034832059696,0.016086724720099494,2.214290863909198,0.03690484773181997,1.8498175011721438,0.030830291686202396,0.4450951099946812,0.2946271421954608,0.5143152451432663,0.39959276392868626,0.0,1.0
shallow_b55_s22581,shallow,0.55,22581,confirmation,66,0.5479506589268905,66,4.846320385690914,0.07342909675289264,0.5704638350808592,0.008643391440619078,1.2166515056321505,0.01843411372169925,1.023104093961226,0.015501577181230696,0.38865624915748304,0.2198239925891617,0.4684907085977803,0.3315869570591568,0.00011933174224343676,1.0
shallow_b55_s22582,shallow,0.55,22582,discovery,68,0.5483585660495764,68,4.3996141713383174,0.06470020840203408,0.4274746756708717,0.0062863922892775256,1.0523471216347309,0.01547569296521663,0.9350398180155617,0.013750585559052378,0.4005166455384283,0.3099119962945809,0.5195887357952294,0.4220495040540599,0.0,1.0
shallow_b55_s22583,shallow,0.55,22583,confirmation,60,0.5482742390963289,60,5.170963696378222,0.08618272827297037,0.6127599075884119,0.010212665126473532,1.457266853455898,0.024287780890931632,1.212882723609304,0.020214712060155068,0.3476872709042041,0.3106067623899953,0.5160372537672162,0.40866072732790365,0.0,1.0
shallow_b55_s22584,shallow,0.55,22584,discovery,63,0.5459415202384688,63,5.22526489928577,0.08294071268707572,0.40120845921450066,0.00636838824150001,1.2363450732482226,0.01962452497219401,0.9642385647123857,0.015305374043053741,0.35928550518045616,0.25020842982862435,0.4770135713894523,0.33917907763491284,0.0009546539379474941,0.9921875
shallow_b55_s22585,shallow,0.55,22585,confirmation,64,0.5511609664261061,64,5.274938975671224,0.08242092149486288,0.47897636395947973,0.007484005686866871,1.248098655807426,0.019501541496991032,0.859498496079053,0.013429664001235204,0.5164119178490667,0.2533348772579898,0.5112699044042095,0.3547732216937629,0.0,1.0
shallow_b55_s22586,shallow,0.55,22586,discovery,66,0.5479506589268905,66,4.688787124885744,0.07104222916493552,0.6261121971447182,0.00948654844158664,1.2630514654183627,0.019137143415429738,1.041056250117032,0.015773579547227756,0.3560219394974766,0.33471514590088003,0.535471366573226,0.46526139686712276,0.0,1.0
shallow_b55_s22587,shallow,0.55,22587,confirmation,59,0.5500166692814559,59,6.145387619365915,0.10415911219264264,0.9692198329482841,0.01642745479573363,1.9854754697855406,0.033652126606534584,1.8545889799083373,0.031433711523870124,0.5563300880931664,0.26167207040296436,0.4956504974587645,0.35790912423408394,0.0031026252983293555,0.9921875
shallow_b55_s22588,shallow,0.55,22588,discovery,66,0.5479506589268905,66,5.642816786705794,0.08549722404099687,0.7081452520585261,0.010729473516038274,1.5946889416078085,0.02416195366072437,1.158706993102192,0.017556166562154425,0.5162472136592994,0.32702640111162573,0.48471987313396736,0.40755900719973337,0.035202863961813845,0.96875
shallow_b55_s22589,shallow,0.55,22589,confirmation,63,0.5459415202384688,63,5.407802120076905,0.08583812889010961,0.7802499851904497,0.012384920399848409,1.7618300209254822,0.027965555887706068,1.253585909553433,0.019898189040530683,0.3708905298606475,0.3236220472440945,0.5250136549985661,0.4236689050582426,0.0,1.0
shallow_b55_s22590,shallow,0.55,22590,discovery,68,0.5483585660495764,68,4.835238914569651,0.07110645462602427,0.6847224690480412,0.0100694480742359,1.3026037940200135,0.01915593814735314,1.1249241568820068,0.016543002307088335,0.5448782693470737,0.24724409448818896,0.47976428323983666,0.34217633994851837,0.0008353221957040572,1.0
shallow_b55_s22591,shallow,0.55,22591,confirmation,64,0.5461288045183559,64,5.422935884239834,0.08473337319124741,0.7183816124637156,0.011224712694745556,1.7553159199915094,0.027426811249867334,1.230006787025952,0.0192188560472805,0.4407730878841055,0.2852014821676703,0.526192013835258,0.4001183805219427,0.0,1.0
shallow_b55_s22592,shallow,0.55,22592,discovery,68,0.5517022278004393,68,5.092843796183246,0.07489476170857715,0.9712457792784778,0.014283026165859967,1.8184410041756252,0.026741779473170958,1.5448762826989861,0.022718768863220384,0.4167139250622618,0.3380963408985641,0.533740077929831,0.4674603916832023,0.0,1.0
shallow_b55_s22593,shallow,0.55,22593,confirmation,63,0.5513355036084091,63,5.28194362879,0.08384037506015872,0.7732480303299559,0.012273778259205649,1.4725464775722847,0.023373753612258488,1.278837424977645,0.020299006745676907,0.4449404617749788,0.24599351551644277,0.4740562199892727,0.3341057492714443,0.0,1.0
shallow_b55_s22594,shallow,0.55,22594,discovery,63,0.5513355036084091,63,5.469040959998012,0.08681017396822242,0.43421598246549237,0.006892317181991943,1.345849650733042,0.021362692868778444,0.8464936854043106,0.013436407704830327,0.5382119228942951,0.2845761926817971,0.47855510136737317,0.3419718943748954,0.07601431980906921,0.7578125
shallow_b55_s22595,shallow,0.55,22595,confirmation,64,0.5511609664261061,64,5.256352075288149,0.08213050117637732,0.41743972513476546,0.00652249570523071,1.3183338270828984,0.020598966048170287,0.9483700344430605,0.01481828178817282,0.5088700744916757,0.29981472904122275,0.5119364625015165,0.38648288431290145,0.0,1.0
shallow_b55_s22596,shallow,0.55,22596,discovery,66,0.5522591779102604,66,5.591427963108987,0.08471860550165132,0.8816894733724292,0.013358931414733776,1.888238383362386,0.028609672475187666,1.6081950851725375,0.0243665921995839,0.5176888262186892,0.2043538675312645,0.4677784740153983,0.32592017421956765,0.0,1.0
shallow_b55_s22597,shallow,0.55,22597,confirmation,63,0.5513355036084091,63,6.104255665944154,0.09689294707847863,0.8939399324684547,0.01418952273759452,1.7304342619416542,0.027467210507010384,1.5289344154921989,0.02426880024590792,0.5459905253406303,0.32288096340898564,0.5353177506958426,0.46046362700543314,0.0,1.0
shallow_b55_s22598,shallow,0.55,22598,discovery,63,0.5513355036084091,63,5.820816183442757,0.09239390767369456,0.9252887862093471,0.014687123590624556,2.315799737774611,0.036758725996422395,1.6562422334400202,0.0262895592609527,0.37312401434383236,0.34080592867068094,0.536005075864506,0.4678924165601249,0.0,1.0
shallow_b55_s22599,shallow,0.55,22599,confirmation,67,0.5495852290555381,67,4.9737575888738625,0.07423518789363974,0.6285054202950047,0.009380677914850815,1.451373754622208,0.021662294845107583,1.2225864094686798,0.018247558350278803,0.4581845960639779,0.20136637332098195,0.5114907292781902,0.33534879301154086,0.0,1.0
shallow_b55_s22600,shallow,0.55,22600,discovery,59,0.5500166692814559,59,5.864895728399248,0.09940501234574997,1.1511166400094774,0.019510451525584362,2.4970518360169636,0.04232291247486379,2.1002723988772636,0.03559783726910616,0.3792783177472511,0.33464566929133865,0.5347457164525306,0.4646269689154585,0.0,1.0
shallow_b55_s22601,shallow,0.55,22601,confirmation,59,0.5500166692814559,59,6.422815292580653,0.1088612761454348,1.0665126473550137,0.018076485548390062,2.167123123210177,0.03673090039339283,1.8834210685534876,0.03192239099243199,0.5151865823934838,0.2973598888374247,0.5133864788066901,0.39519680363384274,0.0,0.99609375
shallow_b55_s22602,shallow,0.55,22602,discovery,67,0.5495852290555381,67,4.609031588145187,0.06879151624097293,0.49542088738818685,0.007394341602808759,1.3192331471062644,0.01969004697173529,1.0116730764498592,0.015099598155968046,0.40705803942415414,0.28969430291801757,0.4784134244081107,0.40501221131899545,0.0,1.0
shallow_b55_s22603,shallow,0.55,22603,confirmation,66,0.5522591779102604,66,5.024003002357236,0.07612125761147327,0.6115277530951944,0.009265572016593854,1.3508556816948738,0.02046751032871021,0.9109373225787786,0.013802080645133009,0.4272866390048274,0.3550717924965261,0.45580203153941257,0.35311275145277066,0.27804295942720764,0.21875
shallow_b55_s22604,shallow,0.55,22604,discovery,63,0.5513355036084091,63,6.290743563464349,0.09985307243594205,1.1135359279663515,0.017675173459783356,2.5232745584846543,0.04005197711880404,1.9594444410513048,0.031102292715100077,0.44556671433221134,0.3184807781380269,0.5308830871894271,0.4411950929297097,0.0,1.0
shallow_b55_s22605,shallow,0.55,22605,confirmation,63,0.5513355036084091,63,5.793235306437995,0.09195611597520627,0.8187548131034882,0.012996108144499812,1.938700273429665,0.030773020213169286,1.4583496500725261,0.023148407144008353,0.559753108756119,0.32033348772579895,0.5347235821545473,0.4461853101876427,0.0,1.0
shallow_b55_s22606,shallow,0.55,22606,discovery,63,0.5459415202384688,63,5.159819169004669,0.08190189157150268,0.6029263669213903,0.009570259792403021,1.3307920404613274,0.021123683181925833,1.0707408871929227,0.016995887098300362,0.4261419935314678,0.33506252894858735,0.5348290063649369,0.4472408582781866,0.0,1.0
shallow_b55_s22607,shallow,0.55,22607,confirmation,64,0.5511609664261061,64,5.985346624101203,0.0935210410015813,1.1549671228007807,0.0180463612937622,2.1898412428180505,0.03421626941903204,1.9247430560870837,0.030074110251360683,0.4397676109723399,0.33529411764705885,0.5339754705525097,0.46548652892754216,0.0,1.0
shallow_b55_s22608,shallow,0.55,22608,discovery,58,0.5452796517100722,58,5.772601613175006,0.09952761402025873,1.0757182631360693,0.0185468666057943,2.364119374773718,0.04076067887540893,1.8256452922012238,0.03147664296898662,0.4528361345315259,0.225845298749421,0.4606658842937771,0.2934192833713709,0.0,1.0
shallow_b55_s22609,shallow,0.55,22609,confirmation,63,0.5513355036084091,63,5.1702223460646195,0.08206702136610507,0.8159113796576024,0.012950974280279403,1.7877398775496522,0.028376823453169085,1.3428559721105302,0.021315174160484607,0.3546654695446911,0.3355720240852247,0.536671258713648,0.4478259240053679,0.0,1.0
shallow_b55_s22610,shallow,0.55,22610,discovery,58,0.5522415280828366,58,5.709030975372475,0.09843156854090473,0.5559978674249141,0.00958617012801576,1.590463375060677,0.02742178232863236,1.1638771309900626,0.020066847086035563,0.5048939324997962,0.307179249652617,0.5165056295222761,0.39318155187639164,0.023031026252983294,0.98828125
shallow_b55_s22611,shallow,0.55,22611,confirmation,67,0.5495852290555381,67,4.935230609734045,0.07366015835423949,0.7139624429832349,0.010656155865421416,1.5500206047914369,0.023134635892409505,1.2447181217014933,0.018577882413455125,0.36416310351738307,0.32890226956924506,0.5235439791115948,0.4557164059446536,0.0,1.0
shallow_b55_s22612,shallow,0.55,22612,discovery,65,0.5467985174144964,65,5.665188862175986,0.08715675172578441,0.8179491736271541,0.012583833440417755,1.6384018242593081,0.025206181911681665,1.3875923210645447,0.021347574170223763,0.5215455641974662,0.31537748957850853,0.531430157176104,0.4341283767617388,0.0,1.0
shallow_b55_s22613,shallow,0.55,22613,confirmation,65,0.5514688578600565,65,6.160165834102038,0.09477178206310828,1.107150050352467,0.01703307769773026,2.3619405937405196,0.03633754759600799,1.8456425768873237,0.028394501182881903,0.5014074835047522,0.3104214914312181,0.5143879747678998,0.41315228873725646,0.0,1.0
shallow_b55_s22614,shallow,0.55,22614,discovery,62,0.5462366645748353,62,5.977400926072592,0.09640969235600955,0.7004798293939916,0.011298061764419219,1.5392317160943731,0.024826318001522147,1.4071324672973518,0.0226956849564089,0.5803108448278484,0.27207040296433527,0.5290704075649811,0.3823609920278585,0.0,1.0
shallow_b55_s22615,shallow,0.55,22615,confirmation,62,0.5519924694069658,62,6.064641422938989,0.09781679714417724,0.8947574195841466,0.014431571283615267,2.1158810544926867,0.03412711378214011,1.7299322525893452,0.027902133106279762,0.5938004133425372,0.32176933765632243,0.5345725632074896,0.45308748932330645,0.0,1.0
deep_b40_s32426,deep,0.4,32426,discovery,132,0.3985244551648599,132,1.8237456611590488,0.013816255008780672,0.05415555950476719,0.00041026939018763025,-0.03164002653991055,-0.0002396971707568981,0.1756066164010257,0.001330353154553225,0.3709523337154053,0.129666512274201,0.22510176320158065,0.24805799082542118,0.11766109785202863,0.0078125
deep_b40_s32427,deep,0.4,32427,confirmation,126,0.39964040075382956,126,1.9603073848344557,0.015557995117733776,0.015887684378886012,0.000126092733165762,-0.06445172176949131,-0.0005115216013451691,0.18695846913093872,0.0014837973740550693,0.20846455071576805,0.0524779990736452,0.15926826790219217,0.1730519920391349,0.0015513126491646777,0.296875
deep_b40_s32428,deep,0.4,32428,discovery,119,0.39805482177085516,119,1.9135220088411018,0.01608001688101766,0.09687814702920328,0.0008141020758756578,0.1631404686631425,0.0013709283080936344,0.26767723425446627,0.002249388523146775,0.20229176773291105,0.09082908754052804,0.21890246257504492,0.13437762514608415,0.05918854415274463,0.16796875
deep_b40_s32429,deep,0.4,32429,confirmation,131,0.4016397403475992,131,1.409629090029848,0.010760527404808,-0.009347787453351554,-7.135715613245461e-05,0.03037850575686353,0.00023189699051040863,0.028886757032021454,0.0002205095956642859,0.1911761267248044,0.04668828161185734,0.16160401624054876,0.09384283431758983,0.05334128878281623,0.0234375
deep_b40_s32430,deep,0.4,32430,discovery,124,0.3999454359486494,124,1.7064425044625031,0.013761633100504057,0.116414904330311,0.0009388298736315403,0.1990036126079807,0.0016048678436127474,0.36074564782035096,0.002909239095325411,0.2174918051946997,0.05917091245947198,0.16626827862449184,0.14805189538529723,0.046539379474940336,0.1640625
deep_b40_s32431,deep,0.4,32431,confirmation,132,0.398119755005396,132,1.2100900597664386,0.009167348937624534,-0.06644156151886865,-0.0005033451630217322,-0.1583663737129567,-0.001199745255401187,-0.13456199683135664,-0.001019409066904217,0.08922149650261005,0.045159796201945324,0.12821904572691856,0.14415330903729073,0.024701670644391407,0.51171875
deep_b40_s32432,deep,0.4,32432,discovery,135,0.4017625597989788,135,1.3117937307644638,0.009716990598255287,0.05823114744387031,0.00043134183291755786,0.06806757542403863,0.0005042042624002861,0.18929699246690473,0.0014021999441992943,0.1278191428604606,0.044673459935155146,0.08996020020999107,0.05980572500845971,0.02828162291169451,0.26953125
deep_b40_s32433,deep,0.4,32433,confirmation,132,0.400378827537329,132,1.8658039744502883,0.014134878594320366,-0.005390675907825701,-4.0838453847164404e-05,-0.0014271641792771572,-1.0811849843008766e-05,0.03510427527918611,0.00026594147938777357,0.17591797538103507,0.07531264474293653,0.23306037513999506,0.27288900013769074,0.007756563245823389,0.76953125
deep_b40_s32434,deep,0.4,32434,discovery,132,0.40203840020617565,132,1.4131435300233592,0.010705632803207268,0.03599312836917082,0.00027267521491796076,0.05244678657883495,0.0003973241407487496,0.10485618551285344,0.0007943650417640412,0.13426420343630582,0.04015748031496058,0.14852283822209922,0.06258089256201588,0.010023866348448688,0.60546875
deep_b40_s32435,deep,0.4,32435,confirmation,126,0.3981474397177971,126,1.690701520957689,0.013418266039346738,0.07589597772643693,0.0006023490295748962,0.14248368866706895,0.0011308229259291186,0.28820942629683904,0.002287376399181262,0.3961239116032839,0.07146827234830944,0.16877895742144045,0.189096940548463,0.01801909307875895,0.4140625
deep_b40_s32436,deep,0.4,32436,discovery,130,0.4003128875859736,130,1.4095487389574224,0.010842682607364788,0.08905870505301695,0.0006850669619462843,0.03673991783531665,0.00028261475257935885,0.22166692668041943,0.0017051302052339956,0.2200521735192979,0.07651690597498839,0.19489038432916145,0.21883219041732765,0.008591885441527447,0.77734375
deep_b40_s32437,deep,0.4,32437,confirmation,132,0.40109812670135137,132,1.5007392213029624,0.011369236525022444,-0.027913038327114177,-0.0002114624115690468,-0.01609968858623679,-0.00012196733777452113,0.03080093504521629,0.00023334041700921434,0.07668342111484022,0.04249652616952293,0.14166111780243873,0.11956492135695468,0.00477326968973747,0.31640625
deep_b40_s32438,deep,0.4,32438,discovery,132,0.3995865414042491,132,1.2449285226775424,0.009431276686951078,-0.07513772880753655,-0.0005692252182389133,-0.12782054761947997,-0.0009683374819657573,-0.08869761798862452,-0.0006719516514289736,0.09415594101475105,0.054400185270958745,0.16291751044527358,0.1539269740558129,0.002863961813842482,0.703125
deep_b40_s32439,deep,0.4,32439,confirmation,140,0.39929635528244445,140,2.026418408900438,0.0144744172064317,0.1482495112848742,0.0010589250806062444,0.18009100183893323,0.0012863642988495232,0.4452051369328319,0.003180036692377371,0.3086484991302932,0.09712830013895324,0.28341160303078844,0.18716138580821834,0.008114558472553698,0.3203125
deep_b40_s32440,deep,0.4,32440,discovery,138,0.39998092271636354,138,1.721443955632043,0.012474231562551038,0.029962679936022425,0.00021712086910161179,0.0940240675921033,0.0006813338231311833,0.17738288178781086,0.0012853832013609483,0.181093895716761,0.0776053728578045,0.2666538920063056,0.1162355486256571,0.02947494033412888,0.0234375
deep_b40_s32441,deep,0.4,32441,confirmation,133,0.39865029476668334,133,2.1421290144966223,0.016106233191703928,0.09347787453349807,0.0007028411619060005,0.14956512263391733,0.0011245497942399799,0.36143094354589395,0.0027175258913225107,0.42638986534470913,0.0943723946271422,0.24070864576238427,0.27964365982768186,0.01921241050119332,0.6796875
deep_b40_s32442,deep,0.4,32442,discovery,136,0.3998940933911055,136,1.4107503891078785,0.010373164625793225,0.03964220129139198,0.0002914867742014116,0.06614899310491731,0.00048638965518321556,0.1790967151744231,0.0013168876115766406,0.198701335301785,0.11074571560907825,0.12982330145012583,0.16179712403038438,0.16026252983293557,0.0
deep_b40_s32443,deep,0.4,32443,confirmation,126,0.4011635632942996,126,2.165138122191211,0.01718363589040644,0.13656773887802706,0.0010838709434764053,0.19254474967961863,0.0015281329339652272,0.5528405939894947,0.004387623761821387,0.4221825568600609,0.07172301991662805,0.18752061436010814,0.22438352029586367,0.01360381861575179,0.7421875
deep_b40_s32444,deep,0.4,32444,discovery,129,0.39980600566982905,129,1.487615003608407,0.011531899252778349,-0.00591197203957123,-4.582924061683124e-05,-0.07068408677328926,-0.000547938657157281,0.0727117561822983,0.0005636570246689791,0.08197767174347058,0.033024548402038,0.1084927581573294,0.13567411421895165,0.00441527446300716,0.96484375
deep_b40_s32445,deep,0.4,32445,confirmation,129,0.3985045725077718,129,1.6133570627063922,0.012506643896948777,0.06279248859664593,0.00048676347749337934,0.08879108314129872,0.000688302970087587,0.2862855845517615,0.0022192680973004766,0.2913189766020804,0.05958777211672073,0.16075763846155006,0.09257448221314829,0.08627684964200477,0.046875
deep_b40_s32446,deep,0.4,32446,discovery,132,0.40079183311051336,132,1.6937375919635285,0.012831345393663094,0.09185474794147155,0.0006958693025869057,0.19915499474053677,0.0015087499601555815,0.2780930817852514,0.0021067657711003893,0.244648842856019,0.14441871236683645,0.30998214500614485,0.34630991018359963,0.009069212410501194,0.578125
deep_b40_s32447,deep,0.4,32447,confirmation,123,0.40009443003720824,123,1.5132691516981343,0.012303001233318164,-0.0024406137077195257,-1.984238786763842e-05,-0.022656101101111357,-0.00018419594391147443,0.10153762853594166,0.0008255091750889566,0.2531553531223791,0.011602593793422877,0.05288269769929049,0.045869622846702485,0.04474940334128878,0.01171875
deep_b40_s32448,deep,0.4,32448,discovery,136,0.40212824968187744,136,1.898445623913294,0.013959158999362457,0.07567087257863754,0.0005564034748429231,0.02227563372216461,0.00016379142442768095,0.37875629996145815,0.002784972793834251,0.3183306089665341,0.06141732283464563,0.16473673875419415,0.16287268074135303,0.02720763723150358,0.19140625
deep_b40_s32449,deep,0.4,32449,confirmation,126,0.40091037401543095,126,1.8057616925722666,0.014331442004541799,0.1227652390261234,0.0009743272938581222,0.06582150071078624,0.0005223928627840177,0.374430171295449,0.002971668026154357,0.2616741584022285,0.1123436776285317,0.32323090165466484,0.2615906627757071,0.018496420047732696,0.56640625
deep_b40_s32450,deep,0.4,32450,discovery,127,0.4005718654865261,127,2.0989342488663483,0.016527041329656284,0.050411705467683796,0.00039694256273766767,0.05698820056252181,0.0004487259886812741,0.33931702530769436,0.002671787600847987,0.3399144286389676,0.13851320055581284,0.33215013914225455,0.31453711750375146,0.0,1.0
deep_b40_s32451,deep,0.4,32451,confirmation,128,0.3981086811204355,128,1.9679746484727396,0.015374801941193278,0.169397547538652,0.0013234183401457187,0.21402107212488258,0.0016720396259756452,0.5519261850370369,0.004311923320601851,0.2963036583188617,0.19168596572487262,0.4496082192631511,0.41066696306046735,0.0,0.94921875
deep_b40_s32452,deep,0.4,32452,discovery,129,0.39956036676706985,129,1.9158935244856845,0.014851887786710732,0.1455008589538522,0.0011279136353011799,0.18876004497925,0.001463256162629845,0.40084291084668494,0.0031073093864084104,0.48514893113756363,0.11764705882352938,0.3019650665853444,0.23313607482036802,0.016706443914081145,0.29296875
deep_b40_s32453,deep,0.4,32453,confirmation,127,0.39803695254739624,127,1.9459251359086658,0.015322245164635163,0.1338190865470046,0.001053693594858304,0.10980525389037345,0.0008646082983493973,0.4722542670368336,0.003718537535723099,0.2434477804127433,0.0810097267253358,0.16366852507519714,0.19570591544259597,0.02756563245823389,0.50390625
deep_b40_s32454,deep,0.4,32454,discovery,135,0.39976447860122744,135,2.0985955155019163,0.01554515196668086,0.08248326520940479,0.0006109871496992947,0.07534565958451547,0.0005581159969223369,0.3154607661456198,0.00233674641589348,0.3970382137472093,0.1333024548402038,0.19248803728432146,0.23189963458143403,0.2020286396181384,0.01953125
deep_b40_s32455,deep,0.4,32455,confirmation,130,0.3995155678688208,130,1.6899741215118544,0.012999800934706573,0.0825661986849104,0.0006351246052685415,0.006222266352851773,4.786358732962902e-05,0.3709293042594853,0.002853302340457579,0.23405159023166147,0.01894395553496986,0.09424135345822393,0.11930459361337908,0.009665871121718378,0.421875
deep_b40_s32456,deep,0.4,32456,discovery,133,0.40129292640497394,133,1.5729725669359178,0.011826861405533217,-0.005769800367277807,-4.338195764870532e-05,-0.01389950231357167,-0.00010450753619226819,0.16389367574834798,0.0012322832763033682,0.29550402243064905,0.019453450671607198,0.08250890547686274,0.07776138409301309,0.013126491646778043,0.0390625
deep_b40_s32457,deep,0.4,32457,confirmation,135,0.39999073820530584,135,1.8881033431440315,0.01398595068995579,0.043848113263430986,0.00032480083898837767,0.03593356020597077,0.00026617452004422794,0.15765927668033827,0.0011678464939284317,0.2973571624777216,0.09467345993515519,0.23664917715590283,0.15620301549438892,0.06980906921241051,0.13671875
deep_b40_s32458,deep,0.4,32458,discovery,124,0.3985526432356684,124,1.9376390010920082,0.015626120976548454,0.026112197144717752,0.00021058223503804638,0.04182395448049861,0.000337289955487892,0.21430041465786395,0.0017282291504666447,0.23716683296465238,0.036822603056970826,0.10856785844208056,0.08852430573064135,0.017303102625298328,0.3125
deep_b40_s32459,deep,0.4,32459,confirmation,126,0.39851791150556515,126,1.4268969745178424,0.011324579162840019,0.06265031692435183,0.0004972247374948558,0.04539805867126774,0.0003603020529465694,0.2063075178752472,0.0016373612529781525,0.1495498122324393,0.0510884668828161,0.10627109801816531,0.18429350856648574,0.0337708830548926,0.44921875
deep_b40_s32460,deep,0.4,32460,discovery,131,0.40110014013498063,131,1.7608934027422678,0.01344193437207838,0.21766483028256398,0.0016615635899432364,0.3277171170455053,0.0025016573820267583,0.5827404549435369,0.004448400419416312,0.3126250498095024,0.11130152848540986,0.17417603329495973,0.23368081828142773,0.0643198090692124,0.296875
deep_b40_s32461,deep,0.4,32461,confirmation,133,0.4013382286616304,133,1.737587752133493,0.013064569564913482,0.11395059534387549,0.0008567713935629735,0.08960498530037883,0.0006737216939878107,0.4279826217408478,0.0032179144491793067,0.256606956370086,0.054608615099583147,0.1502001516037091,0.19078887834185537,0.010381861575178997,0.484375
deep_b40_s32462,deep,0.4,32462,discovery,131,0.3999791609619381,131,2.3626699681383805,0.018035648611743362,0.16205201113677908,0.001237038252952512,0.23176409070957465,0.0017691915321341577,0.5439475971297243,0.0041522717338146895,0.21758416358509133,0.158105604446503,0.40969063553536633,0.4059385927295075,0.0,1.0
deep_b40_s32463,deep,0.4,32463,confirmation,131,0.399865905320297,131,1.9506730597205015,0.014890634043667951,0.06113381908654576,0.0004666703747064562,0.143715433144583,0.0010970643751494885,0.3095212934673087,0.002362757965399303,0.36729756151499915,0.06482167670217692,0.20577132665533637,0.16585851757476688,0.02052505966587112,0.5234375
deep_b40_s32464,deep,0.4,32464,discovery,127,0.3991521430987549,127,1.577227996586503,0.012419118083358292,0.006907173745630103,5.4387194847481126e-05,-0.044260230651538085,-0.0003485057531617172,0.12465461697855575,0.0009815324171539822,0.15052719934083464,0.06086150995831402,0.1472408554164492,0.19167508431643582,0.002386634844868735,0.78125
deep_b40_s32465,deep,0.4,32465,confirmation,132,0.400185789588132,132,2.4677661667730515,0.01869519823312918,0.17292814406729273,0.0013100616974794903,0.21126404635248,0.00160048519964,0.5435055610693342,0.004117466371737381,0.5041632609095237,0.19411764705882356,0.4520849220602193,0.44379115797183344,0.024105011933174224,0.7734375
