set_id,architecture,budget,target,observed,additive_prediction,interaction_residual
deep_b40_s32427,deep,0.4,raw_awbir,0.20846455071576805,0.29469192910475406,-0.086227378388986
deep_b40_s32429,deep,0.4,raw_awbir,0.1911761267248044,0.17349894592719772,0.01767718079760669
deep_b40_s32431,deep,0.4,raw_awbir,0.08922149650261005,0.12958450338219085,-0.040363006879580804
deep_b40_s32433,deep,0.4,raw_awbir,0.17591797538103507,0.2738936693350025,-0.09797569395396741
deep_b40_s32435,deep,0.4,raw_awbir,0.3961239116032839,0.23535721547312077,0.16076669613016314
deep_b40_s32437,deep,0.4,raw_awbir,0.07668342111484022,0.19355041465378958,-0.11686699353894936
deep_b40_s32439,deep,0.4,raw_awbir,0.3086484991302932,0.3092416077521076,-0.0005931086218143866
deep_b40_s32441,deep,0.4,raw_awbir,0.42638986534470913,0.3347071356470448,0.09168272969766433
deep_b40_s32443,deep,0.4,raw_awbir,0.4221825568600609,0.33977096770301923,0.08241158915704166
deep_b40_s32445,deep,0.4,raw_awbir,0.2913189766020804,0.21833528866728474,0.07298368793479565
deep_b40_s32447,deep,0.4,raw_awbir,0.2531553531223791,0.19630799500138035,0.056847358120998726
deep_b40_s32449,deep,0.4,raw_awbir,0.2616741584022285,0.2606795962069393,0.0009945621952892059
deep_b40_s32451,deep,0.4,raw_awbir,0.2963036583188617,0.2963793363657614,-7.567804689972979e-05
deep_b40_s32453,deep,0.4,raw_awbir,0.2434477804127433,0.2915266914904095,-0.04807891107766621
deep_b40_s32455,deep,0.4,raw_awbir,0.23405159023166147,0.23519712979399726,-0.00114553956233579
deep_b40_s32457,deep,0.4,raw_awbir,0.2973571624777216,0.2788013024130955,0.018555860064626117
deep_b40_s32459,deep,0.4,raw_awbir,0.1495498122324393,0.17729925266528707,-0.02774944043284777
deep_b40_s32461,deep,0.4,raw_awbir,0.256606956370086,0.24567591203290517,0.01093104433718084
deep_b40_s32463,deep,0.4,raw_awbir,0.36729756151499915,0.29257161201131054,0.0747259495036886
deep_b40_s32465,deep,0.4,raw_awbir,0.5041632609095237,0.4063731851175939,0.09779007579192978
deep_b40_s32427,deep,0.4,raw_hsr_delta,0.0524779990736452,0.06693022304625312,-0.014452223972607925
deep_b40_s32429,deep,0.4,raw_hsr_delta,0.04668828161185734,0.05760621795110046,-0.010917936339243116
deep_b40_s32431,deep,0.4,raw_hsr_delta,0.045159796201945324,0.0365112036067154,0.008648592595229924
deep_b40_s32433,deep,0.4,raw_hsr_delta,0.07531264474293653,0.05906829198949576,0.01624435275344077
deep_b40_s32435,deep,0.4,raw_hsr_delta,0.07146827234830944,0.08910209431712088,-0.01763382196881144
deep_b40_s32437,deep,0.4,raw_hsr_delta,0.04249652616952293,0.050746726878751376,-0.008250200709228446
deep_b40_s32439,deep,0.4,raw_hsr_delta,0.09712830013895324,0.11583528639040541,-0.018706986251452173
deep_b40_s32441,deep,0.4,raw_hsr_delta,0.0943723946271422,0.09559825561346191,-0.0012258609863197156
deep_b40_s32443,deep,0.4,raw_hsr_delta,0.07172301991662805,0.1115191037501144,-0.039796083833486345
deep_b40_s32445,deep,0.4,raw_hsr_delta,0.05958777211672073,0.08426061561513079,-0.024672843498410063
deep_b40_s32447,deep,0.4,raw_hsr_delta,0.011602593793422877,0.06015828131752047,-0.04855568752409759
deep_b40_s32449,deep,0.4,raw_hsr_delta,0.1123436776285317,0.10641935448445611,0.005924323144075594
deep_b40_s32451,deep,0.4,raw_hsr_delta,0.19168596572487262,0.12364906530817464,0.06803690041669798
deep_b40_s32453,deep,0.4,raw_hsr_delta,0.0810097267253358,0.11050353136416372,-0.02949380463882792
deep_b40_s32455,deep,0.4,raw_hsr_delta,0.01894395553496986,0.09156660833992392,-0.07262265280495406
deep_b40_s32457,deep,0.4,raw_hsr_delta,0.09467345993515519,0.07726104559299507,0.01741241434216012
deep_b40_s32459,deep,0.4,raw_hsr_delta,0.0510884668828161,0.08420808600896099,-0.03311961912614489
deep_b40_s32461,deep,0.4,raw_hsr_delta,0.054608615099583147,0.10316251890192335,-0.048553903802340204
deep_b40_s32463,deep,0.4,raw_hsr_delta,0.06482167670217692,0.08364777020981556,-0.01882609350763864
deep_b40_s32465,deep,0.4,raw_hsr_delta,0.19411764705882356,0.1249535505280595,0.06916409653076407
deep_b40_s32427,deep,0.4,raw_fine_f1_loss,0.15926826790219217,0.14395906660653698,0.01530920129565519
deep_b40_s32429,deep,0.4,raw_fine_f1_loss,0.16160401624054876,0.17941326242696093,-0.017809246186412164
deep_b40_s32431,deep,0.4,raw_fine_f1_loss,0.12821904572691856,0.1088471772094013,0.01937186851751725
deep_b40_s32433,deep,0.4,raw_fine_f1_loss,0.23306037513999506,0.16752207035107655,0.0655383047889185
deep_b40_s32435,deep,0.4,raw_fine_f1_loss,0.16877895742144045,0.22132604921510043,-0.05254709179365999
deep_b40_s32437,deep,0.4,raw_fine_f1_loss,0.14166111780243873,0.16203645076464537,-0.020375332962206644
deep_b40_s32439,deep,0.4,raw_fine_f1_loss,0.28341160303078844,0.23538630278883282,0.048025300241955615
deep_b40_s32441,deep,0.4,raw_fine_f1_loss,0.24070864576238427,0.22397358632535644,0.016735059437027827
deep_b40_s32443,deep,0.4,raw_fine_f1_loss,0.18752061436010814,0.24004238794394994,-0.0525217735838418
deep_b40_s32445,deep,0.4,raw_fine_f1_loss,0.16075763846155006,0.2012519842246902,-0.04049434576314015
deep_b40_s32447,deep,0.4,raw_fine_f1_loss,0.05288269769929049,0.15958520352792185,-0.10670250582863136
deep_b40_s32449,deep,0.4,raw_fine_f1_loss,0.32323090165466484,0.19266434192278353,0.1305665597318813
deep_b40_s32451,deep,0.4,raw_fine_f1_loss,0.4496082192631511,0.24807174484141542,0.20153647442173567
deep_b40_s32453,deep,0.4,raw_fine_f1_loss,0.16366852507519714,0.2091085563765862,-0.04544003130138907
deep_b40_s32455,deep,0.4,raw_fine_f1_loss,0.09424135345822393,0.17038196444893114,-0.07614061099070721
deep_b40_s32457,deep,0.4,raw_fine_f1_loss,0.23664917715590283,0.18149013172664735,0.05515904542925548
deep_b40_s32459,deep,0.4,raw_fine_f1_loss,0.10627109801816531,0.18502862562973837,-0.07875752761157306
deep_b40_s32461,deep,0.4,raw_fine_f1_loss,0.1502001516037091,0.20155627798501757,-0.05135612638130849
deep_b40_s32463,deep,0.4,raw_fine_f1_loss,0.20577132665533637,0.22178656176521924,-0.01601523510988287
deep_b40_s32465,deep,0.4,raw_fine_f1_loss,0.4520849220602193,0.24704097507352096,0.2050439469866983
deep_b40_s32427,deep,0.4,raw_family_f1_loss,0.1730519920391349,0.16533765653518379,0.00771433550395112
deep_b40_s32429,deep,0.4,raw_family_f1_loss,0.09384283431758983,0.1129145947200888,-0.019071760402498972
deep_b40_s32431,deep,0.4,raw_family_f1_loss,0.14415330903729073,0.058708285358308916,0.08544502367898182
deep_b40_s32433,deep,0.4,raw_family_f1_loss,0.27288900013769074,0.11497657873405094,0.1579124214036398
deep_b40_s32435,deep,0.4,raw_family_f1_loss,0.189096940548463,0.19891662595270984,-0.009819685404246853
deep_b40_s32437,deep,0.4,raw_family_f1_loss,0.11956492135695468,0.11354941464440274,0.006015506712551938
deep_b40_s32439,deep,0.4,raw_family_f1_loss,0.18716138580821834,0.25098284155885936,-0.06382145575064102
deep_b40_s32441,deep,0.4,raw_family_f1_loss,0.27964365982768186,0.2231998836841135,0.05644377614356835
deep_b40_s32443,deep,0.4,raw_family_f1_loss,0.22438352029586367,0.2866791729508193,-0.062295652654955624
deep_b40_s32445,deep,0.4,raw_family_f1_loss,0.09257448221314829,0.19827860113862072,-0.10570411892547243
deep_b40_s32447,deep,0.4,raw_family_f1_loss,0.045869622846702485,0.13700860292180433,-0.09113898007510185
deep_b40_s32449,deep,0.4,raw_family_f1_loss,0.2615906627757071,0.22751096066819135,0.034079702107515736
deep_b40_s32451,deep,0.4,raw_family_f1_loss,0.41066696306046735,0.28637591744480584,0.12429104561566151
deep_b40_s32453,deep,0.4,raw_family_f1_loss,0.19570591544259597,0.25995344231125256,-0.06424752686865659
deep_b40_s32455,deep,0.4,raw_family_f1_loss,0.11930459361337908,0.22634992959820516,-0.10704533598482607
deep_b40_s32457,deep,0.4,raw_family_f1_loss,0.15620301549438892,0.1556208428398337,0.0005821726545552075
deep_b40_s32459,deep,0.4,raw_family_f1_loss,0.18429350856648574,0.17175459454969344,0.012538914016792302
deep_b40_s32461,deep,0.4,raw_family_f1_loss,0.19078887834185537,0.24527114927355143,-0.05448227093169605
deep_b40_s32463,deep,0.4,raw_family_f1_loss,0.16585851757476688,0.2059845150470817,-0.04012599747231482
deep_b40_s32465,deep,0.4,raw_family_f1_loss,0.44379115797183344,0.28358329323064974,0.1602078647411837
shallow_b25_s22277,shallow,0.25,raw_awbir,0.4389045563283225,0.46715527449991767,-0.02825071817159519
shallow_b25_s22279,shallow,0.25,raw_awbir,0.40455650799059223,0.451574051981905,-0.04701754399131275
shallow_b25_s22281,shallow,0.25,raw_awbir,0.44252378314990565,0.4606382994524022,-0.018114516302496553
shallow_b25_s22283,shallow,0.25,raw_awbir,0.448736838692222,0.4113774463368235,0.03735939235539848
shallow_b25_s22285,shallow,0.25,raw_awbir,0.354513959712925,0.38318726196024544,-0.028673302247320454
shallow_b25_s22287,shallow,0.25,raw_awbir,0.3606213023700884,0.32364944400471535,0.036971858365373034
shallow_b25_s22289,shallow,0.25,raw_awbir,0.4457854627481733,0.5127058051813952,-0.06692034243322187
shallow_b25_s22291,shallow,0.25,raw_awbir,0.35752402336583977,0.29149531492756575,0.06602870843827402
shallow_b25_s22293,shallow,0.25,raw_awbir,0.3755713081246052,0.39797860266863494,-0.022407294544029732
shallow_b25_s22295,shallow,0.25,raw_awbir,0.3555080007945036,0.45455299210611866,-0.09904499131161504
shallow_b25_s22297,shallow,0.25,raw_awbir,0.2971094397454951,0.370724009654359,-0.07361456990886389
shallow_b25_s22299,shallow,0.25,raw_awbir,0.3617201615483883,0.38803863915954934,-0.026318477611161017
shallow_b25_s22301,shallow,0.25,raw_awbir,0.34395373960712733,0.43966304850688553,-0.0957093088997582
shallow_b25_s22303,shallow,0.25,raw_awbir,0.31380044421139197,0.3419485435147439,-0.028148099303351937
shallow_b25_s22305,shallow,0.25,raw_awbir,0.3615245975635993,0.3493205229662245,0.01220407459737477
shallow_b25_s22307,shallow,0.25,raw_awbir,0.40956412556501937,0.42127245281543113,-0.011708327250411765
shallow_b25_s22309,shallow,0.25,raw_awbir,0.5633158814988392,0.42473066788654523,0.13858521361229392
shallow_b25_s22311,shallow,0.25,raw_awbir,0.36967406841800227,0.42090801913904835,-0.051233950721046084
shallow_b25_s22313,shallow,0.25,raw_awbir,0.5187594434430737,0.4978914115858383,0.020868031857235403
shallow_b25_s22315,shallow,0.25,raw_awbir,0.291474114276047,0.34434862209166406,-0.05287450781561703
shallow_b25_s22277,shallow,0.25,raw_hsr_delta,0.12531264474293657,0.1868163877418775,-0.06150374299894093
shallow_b25_s22279,shallow,0.25,raw_hsr_delta,0.17350625289485871,0.2375003072364137,-0.06399405434155497
shallow_b25_s22281,shallow,0.25,raw_hsr_delta,0.29261232051875863,0.20715059868994445,0.08546172182881417
shallow_b25_s22283,shallow,0.25,raw_hsr_delta,0.21820287169986108,0.17550050094218447,0.042702370757676605
shallow_b25_s22285,shallow,0.25,raw_hsr_delta,0.13385826771653547,0.16736056469179786,-0.033502296975262386
shallow_b25_s22287,shallow,0.25,raw_hsr_delta,0.03557202408522464,0.1411527207888627,-0.10558069670363807
shallow_b25_s22289,shallow,0.25,raw_hsr_delta,0.16683649837887915,0.21804448418633388,-0.051207985807454726
shallow_b25_s22291,shallow,0.25,raw_hsr_delta,0.08862899490504861,0.15983956368625607,-0.07121056878120746
shallow_b25_s22293,shallow,0.25,raw_hsr_delta,0.16185734136174157,0.16181202903725234,4.5312324489232836e-05
shallow_b25_s22295,shallow,0.25,raw_hsr_delta,0.12491894395553499,0.19798535556930916,-0.07306641161377417
shallow_b25_s22297,shallow,0.25,raw_hsr_delta,0.08117183881426587,0.16192456271813327,-0.0807527239038674
shallow_b25_s22299,shallow,0.25,raw_hsr_delta,0.16264474293654468,0.17275280356734202,-0.010108060630797333
shallow_b25_s22301,shallow,0.25,raw_hsr_delta,0.13832792959703566,0.2156875287589945,-0.07735959916195884
shallow_b25_s22303,shallow,0.25,raw_hsr_delta,0.14205650764242705,0.15447233229535207,-0.012415824652925012
shallow_b25_s22305,shallow,0.25,raw_hsr_delta,0.10250115794349235,0.1544879619732521,-0.05198680402975975
shallow_b25_s22307,shallow,0.25,raw_hsr_delta,0.20690134321445114,0.22747855776685133,-0.02057721455240019
shallow_b25_s22309,shallow,0.25,raw_hsr_delta,0.30081056044465027,0.24289879798311798,0.05791176246153229
shallow_b25_s22311,shallow,0.25,raw_hsr_delta,0.314821676702177,0.2828107434688857,0.032010933233291294
shallow_b25_s22313,shallow,0.25,raw_hsr_delta,0.13344140805928673,0.24286128675615765,-0.10941987869687092
shallow_b25_s22315,shallow,0.25,raw_hsr_delta,0.07542843909217234,0.15185905015045065,-0.07643061105827831
shallow_b25_s22277,shallow,0.25,raw_fine_f1_loss,0.31755357928354866,0.38115679928244495,-0.06360321999889629
shallow_b25_s22279,shallow,0.25,raw_fine_f1_loss,0.33155634531029476,0.45977237830110174,-0.12821603299080697
shallow_b25_s22281,shallow,0.25,raw_fine_f1_loss,0.5102631348155993,0.417072547130506,0.09319058768509325
shallow_b25_s22283,shallow,0.25,raw_fine_f1_loss,0.4004656300590149,0.3491705424990096,0.05129508756000534
shallow_b25_s22285,shallow,0.25,raw_fine_f1_loss,0.33121349070152845,0.3429705059423098,-0.011757015240781377
shallow_b25_s22287,shallow,0.25,raw_fine_f1_loss,0.11348194591275046,0.26528332355126305,-0.1518013776385126
shallow_b25_s22289,shallow,0.25,raw_fine_f1_loss,0.4032675641241171,0.41218659894418114,-0.008919034820064065
shallow_b25_s22291,shallow,0.25,raw_fine_f1_loss,0.15889176249194592,0.2962687450050407,-0.13737698251309477
shallow_b25_s22293,shallow,0.25,raw_fine_f1_loss,0.3232665308625515,0.3356461191437791,-0.012379588281227594
shallow_b25_s22295,shallow,0.25,raw_fine_f1_loss,0.31904306941893446,0.3747297073939255,-0.05568663797499107
shallow_b25_s22297,shallow,0.25,raw_fine_f1_loss,0.2541288970186489,0.32666966160013877,-0.07254076458148989
shallow_b25_s22299,shallow,0.25,raw_fine_f1_loss,0.41099779455070723,0.3613709717767353,0.04962682277397196
shallow_b25_s22301,shallow,0.25,raw_fine_f1_loss,0.2986420371024491,0.38580647285928166,-0.08716443575683258
shallow_b25_s22303,shallow,0.25,raw_fine_f1_loss,0.26605457600528226,0.32693201289401397,-0.060877436888731706
shallow_b25_s22305,shallow,0.25,raw_fine_f1_loss,0.19507398012486676,0.28216647207066353,-0.08709249194579677
shallow_b25_s22307,shallow,0.25,raw_fine_f1_loss,0.406333478756272,0.4458194385496843,-0.039485959793412295
shallow_b25_s22309,shallow,0.25,raw_fine_f1_loss,0.5052043012407831,0.4317625522865176,0.07344174895426547
shallow_b25_s22311,shallow,0.25,raw_fine_f1_loss,0.498506703485172,0.49877987025860904,-0.000273166773437028
shallow_b25_s22313,shallow,0.25,raw_fine_f1_loss,0.36041743830525574,0.45818041166850554,-0.0977629733632498
shallow_b25_s22315,shallow,0.25,raw_fine_f1_loss,0.20850653387597035,0.3087906363199965,-0.10028410244402614
shallow_b25_s22277,shallow,0.25,raw_family_f1_loss,0.20451165294949075,0.2665139803629786,-0.06200232741348782
shallow_b25_s22279,shallow,0.25,raw_family_f1_loss,0.276336945900884,0.36046258804857556,-0.08412564214769158
shallow_b25_s22281,shallow,0.25,raw_family_f1_loss,0.3929818230012998,0.2637331616463077,0.12924866135499208
shallow_b25_s22283,shallow,0.25,raw_family_f1_loss,0.30401109672254933,0.24333306485854847,0.060678031864000864
shallow_b25_s22285,shallow,0.25,raw_family_f1_loss,0.24158226123612236,0.19964945455626576,0.041932806679856605
shallow_b25_s22287,shallow,0.25,raw_family_f1_loss,0.10219489326804732,0.1529486167184834,-0.05075372345043608
shallow_b25_s22289,shallow,0.25,raw_family_f1_loss,0.23191539404140138,0.3149642961489718,-0.08304890210757043
shallow_b25_s22291,shallow,0.25,raw_family_f1_loss,0.10468241999280004,0.18375664715725132,-0.07907422716445128
shallow_b25_s22293,shallow,0.25,raw_family_f1_loss,0.25770464781638697,0.2433507354325531,0.014353912383833878
shallow_b25_s22295,shallow,0.25,raw_family_f1_loss,0.17679081115201317,0.2989596287010088,-0.12216881754899561
shallow_b25_s22297,shallow,0.25,raw_family_f1_loss,0.1328828545014616,0.20465537468261435,-0.07177252018115277
shallow_b25_s22299,shallow,0.25,raw_family_f1_loss,0.31163026012627004,0.21845942188236,0.09317083824391004
shallow_b25_s22301,shallow,0.25,raw_family_f1_loss,0.19271662333471223,0.3062943512453685,-0.11357772791065629
shallow_b25_s22303,shallow,0.25,raw_family_f1_loss,0.20884435537550544,0.23137493481643032,-0.022530579440924875
shallow_b25_s22305,shallow,0.25,raw_family_f1_loss,0.16130569471236694,0.1895978477084443,-0.028292152996077347
shallow_b25_s22307,shallow,0.25,raw_family_f1_loss,0.30946660308407825,0.3250661547784942,-0.015599551694415958
shallow_b25_s22309,shallow,0.25,raw_family_f1_loss,0.40984720333463753,0.31094023655928055,0.09890696677535699
shallow_b25_s22311,shallow,0.25,raw_family_f1_loss,0.43828300784661345,0.36232712452983973,0.07595588331677372
shallow_b25_s22313,shallow,0.25,raw_family_f1_loss,0.22204459683167116,0.32535526547249694,-0.10331066864082578
shallow_b25_s22315,shallow,0.25,raw_family_f1_loss,0.09789788660015147,0.18226821831385373,-0.08437033171370226
shallow_b40_s22427,shallow,0.4,raw_awbir,0.47584576454181166,0.46269015012486625,0.013155614416945405
shallow_b40_s22429,shallow,0.4,raw_awbir,0.5046168811123056,0.46373746102429364,0.040879420088011986
shallow_b40_s22431,shallow,0.4,raw_awbir,0.5172847185963406,0.4633415081065546,0.05394321048978601
shallow_b40_s22433,shallow,0.4,raw_awbir,0.428868333103625,0.4639546519838374,-0.03508631888021241
shallow_b40_s22435,shallow,0.4,raw_awbir,0.41048480411543337,0.46324815568023353,-0.052763351564800165
shallow_b40_s22437,shallow,0.4,raw_awbir,0.28831083594825124,0.46484745356423424,-0.176536617615983
shallow_b40_s22439,shallow,0.4,raw_awbir,0.35273803915457214,0.4642229599141487,-0.11148492075957656
shallow_b40_s22441,shallow,0.4,raw_awbir,0.3227956255867672,0.46459699557214934,-0.14180136998538212
shallow_b40_s22443,shallow,0.4,raw_awbir,0.42226304009156423,0.46445050329526905,-0.04218746320370481
shallow_b40_s22445,shallow,0.4,raw_awbir,0.49961071180492034,0.4630270831899817,0.036583628614938635
shallow_b40_s22447,shallow,0.4,raw_awbir,0.6029264399746948,0.4643657155937669,0.13856072438092787
shallow_b40_s22449,shallow,0.4,raw_awbir,0.5045853806784292,0.4637907083184164,0.040794672360012774
shallow_b40_s22451,shallow,0.4,raw_awbir,0.32246387572190327,0.4623647904169872,-0.13990091469508392
shallow_b40_s22453,shallow,0.4,raw_awbir,0.4964804328636504,0.4632837775694265,0.03319665529422389
shallow_b40_s22455,shallow,0.4,raw_awbir,0.44342150212310283,0.46344831955225196,-0.020026817429149135
shallow_b40_s22457,shallow,0.4,raw_awbir,0.4776305150235271,0.46313553961590537,0.014494975407621735
shallow_b40_s22459,shallow,0.4,raw_awbir,0.3747152970612511,0.46436687008947997,-0.08965157302822885
shallow_b40_s22461,shallow,0.4,raw_awbir,0.5476512256987796,0.4637565339119462,0.08389469178683334
shallow_b40_s22463,shallow,0.4,raw_awbir,0.358071027063122,0.46425491646969724,-0.10618388940657525
shallow_b40_s22465,shallow,0.4,raw_awbir,0.31038112378591304,0.46351751011508824,-0.1531363863291752
shallow_b40_s22427,shallow,0.4,raw_hsr_delta,0.21614173228346456,0.2676751233650993,-0.05153339108163474
shallow_b40_s22429,shallow,0.4,raw_hsr_delta,0.18471514590088,0.27665569148466007,-0.09194054558378006
shallow_b40_s22431,shallow,0.4,raw_hsr_delta,0.1777443260768875,0.256852774064866,-0.0791084479879785
shallow_b40_s22433,shallow,0.4,raw_hsr_delta,0.28367299675775826,0.29706284237951686,-0.0133898456217586
shallow_b40_s22435,shallow,0.4,raw_hsr_delta,0.16998610467809172,0.2669890329486733,-0.0970029282705816
shallow_b40_s22437,shallow,0.4,raw_hsr_delta,0.23874478925428438,0.2830416099760099,-0.04429682072172553
shallow_b40_s22439,shallow,0.4,raw_hsr_delta,0.331959240389069,0.29815283217766936,0.03380640821139963
shallow_b40_s22441,shallow,0.4,raw_hsr_delta,0.3161648911533117,0.2996736479829967,0.016491243170314973
shallow_b40_s22443,shallow,0.4,raw_hsr_delta,0.30773506252894856,0.2683213623758617,0.03941370015308687
shallow_b40_s22445,shallow,0.4,raw_hsr_delta,0.19011116257526633,0.2599299488211127,-0.06981878624584636
shallow_b40_s22447,shallow,0.4,raw_hsr_delta,0.2472209356183418,0.3025052519151537,-0.05528431629681191
shallow_b40_s22449,shallow,0.4,raw_hsr_delta,0.268202871699861,0.31431203864178175,-0.04610916694192074
shallow_b40_s22451,shallow,0.4,raw_hsr_delta,0.17524316813339508,0.2760697681149022,-0.10082659998150711
shallow_b40_s22453,shallow,0.4,raw_hsr_delta,0.20780453913849006,0.24851198256596005,-0.040707443427469986
shallow_b40_s22455,shallow,0.4,raw_hsr_delta,0.21556276053728574,0.2671473615063101,-0.05158460096902434
shallow_b40_s22457,shallow,0.4,raw_hsr_delta,0.22654006484483558,0.2732263164675478,-0.04668625162271223
shallow_b40_s22459,shallow,0.4,raw_hsr_delta,0.239300602130616,0.29474069020084426,-0.055440088070228266
shallow_b40_s22461,shallow,0.4,raw_hsr_delta,0.2478693839740621,0.25420427118575833,-0.006334887211696227
shallow_b40_s22463,shallow,0.4,raw_hsr_delta,0.3296433534043539,0.29262748863565136,0.037015864768702555
shallow_b40_s22465,shallow,0.4,raw_hsr_delta,0.2965956461324687,0.3092713743578355,-0.012675728225366834
shallow_b40_s22427,shallow,0.4,raw_fine_f1_loss,0.47379549888136924,0.48108075178707527,-0.00728525290570603
shallow_b40_s22429,shallow,0.4,raw_fine_f1_loss,0.48631149332984513,0.48805876290075195,-0.0017472695709068176
shallow_b40_s22431,shallow,0.4,raw_fine_f1_loss,0.43201953441525937,0.4782756589179409,-0.04625612450268152
shallow_b40_s22433,shallow,0.4,raw_fine_f1_loss,0.504133169848063,0.4972258823951724,0.006907287452890598
shallow_b40_s22435,shallow,0.4,raw_fine_f1_loss,0.3599483649091026,0.47949396432419733,-0.11954559941509474
shallow_b40_s22437,shallow,0.4,raw_fine_f1_loss,0.46138534792711916,0.4948644302725929,-0.033479082345473754
shallow_b40_s22439,shallow,0.4,raw_fine_f1_loss,0.5226873035494427,0.4981399308011816,0.02454737274826113
shallow_b40_s22441,shallow,0.4,raw_fine_f1_loss,0.5044618045820938,0.5006218339074712,0.003839970674622606
shallow_b40_s22443,shallow,0.4,raw_fine_f1_loss,0.5052734026159565,0.4913417993703003,0.013931603245656232
shallow_b40_s22445,shallow,0.4,raw_fine_f1_loss,0.3991763859859745,0.47412160843092543,-0.07494522244495094
shallow_b40_s22447,shallow,0.4,raw_fine_f1_loss,0.4823195665308305,0.5013772934099304,-0.0190577268790999
shallow_b40_s22449,shallow,0.4,raw_fine_f1_loss,0.4854825142110634,0.5021549809796083,-0.01667246676854489
shallow_b40_s22451,shallow,0.4,raw_fine_f1_loss,0.38903564344797215,0.48547404656030846,-0.09643840311233631
shallow_b40_s22453,shallow,0.4,raw_fine_f1_loss,0.42304002094068854,0.47810242042243,-0.055062399481741464
shallow_b40_s22455,shallow,0.4,raw_fine_f1_loss,0.4518736544933379,0.4843312796516163,-0.032457625158278436
shallow_b40_s22457,shallow,0.4,raw_fine_f1_loss,0.4361808332045888,0.4848074001112269,-0.048626566906638136
shallow_b40_s22459,shallow,0.4,raw_fine_f1_loss,0.4637026135265529,0.4975248303113897,-0.03382221678483682
shallow_b40_s22461,shallow,0.4,raw_fine_f1_loss,0.46481421737373774,0.4815929833555921,-0.01677876598185435
shallow_b40_s22463,shallow,0.4,raw_fine_f1_loss,0.5361160407831468,0.4973662179003131,0.038749822882833684
shallow_b40_s22465,shallow,0.4,raw_fine_f1_loss,0.4782010541412679,0.5024955767976628,-0.024294522656394868
shallow_b40_s22427,shallow,0.4,raw_family_f1_loss,0.3197115359527831,0.3676190091609469,-0.0479074732081638
shallow_b40_s22429,shallow,0.4,raw_family_f1_loss,0.35039829487657503,0.3759473860715931,-0.02554909119501808
shallow_b40_s22431,shallow,0.4,raw_family_f1_loss,0.23849252380817298,0.34449743060033633,-0.10600490679216334
shallow_b40_s22433,shallow,0.4,raw_family_f1_loss,0.3958856800429852,0.3925210634058655,0.0033646166371196773
shallow_b40_s22435,shallow,0.4,raw_family_f1_loss,0.22704097694747788,0.34733132422225843,-0.12029034727478055
shallow_b40_s22437,shallow,0.4,raw_family_f1_loss,0.31884376661654074,0.38160257206956616,-0.06275880545302542
shallow_b40_s22439,shallow,0.4,raw_family_f1_loss,0.4607571022423671,0.39994766837430584,0.06080943386806126
shallow_b40_s22441,shallow,0.4,raw_family_f1_loss,0.44953227808531426,0.4016249190830145,0.047907359002299754
shallow_b40_s22443,shallow,0.4,raw_family_f1_loss,0.44103287941999236,0.3764562380163965,0.06457664140359587
shallow_b40_s22445,shallow,0.4,raw_family_f1_loss,0.29475151961942303,0.3439758668777538,-0.04922434725833075
shallow_b40_s22447,shallow,0.4,raw_family_f1_loss,0.28949740208461777,0.4080601641946836,-0.11856276211006583
shallow_b40_s22449,shallow,0.4,raw_family_f1_loss,0.3658664931477462,0.42187760125603213,-0.05601110810828591
shallow_b40_s22451,shallow,0.4,raw_family_f1_loss,0.20568305135208292,0.36520836134576146,-0.15952530999367853
shallow_b40_s22453,shallow,0.4,raw_family_f1_loss,0.3134463670267916,0.3340419874112398,-0.020595620384448232
shallow_b40_s22455,shallow,0.4,raw_family_f1_loss,0.28415928948442337,0.3653360860203021,-0.08117679653587873
shallow_b40_s22457,shallow,0.4,raw_family_f1_loss,0.3100030968422579,0.3684378874175749,-0.058434790575316975
shallow_b40_s22459,shallow,0.4,raw_family_f1_loss,0.26729304730491,0.3998400067074795,-0.1325469594025695
shallow_b40_s22461,shallow,0.4,raw_family_f1_loss,0.34686405922719377,0.33755759423751475,0.00930646498967902
shallow_b40_s22463,shallow,0.4,raw_family_f1_loss,0.4589094918162559,0.4004794534142975,0.05843003840195837
shallow_b40_s22465,shallow,0.4,raw_family_f1_loss,0.4038407736215349,0.4143066961562257,-0.010465922534690753
shallow_b55_s22577,shallow,0.55,raw_awbir,0.415916129250681,0.4377940388007543,-0.021877909550073293
shallow_b55_s22579,shallow,0.55,raw_awbir,0.38315671034762383,0.4521754778896814,-0.06901876754205755
shallow_b55_s22581,shallow,0.55,raw_awbir,0.38865624915748304,0.43855679212998955,-0.04990054297250651
shallow_b55_s22583,shallow,0.55,raw_awbir,0.3476872709042041,0.4517001818843902,-0.10401291098018611
shallow_b55_s22585,shallow,0.55,raw_awbir,0.5164119178490667,0.4559096868259131,0.06050223102315361
shallow_b55_s22587,shallow,0.55,raw_awbir,0.5563300880931664,0.4911503506826471,0.0651797374105193
shallow_b55_s22589,shallow,0.55,raw_awbir,0.3708905298606475,0.4612887352567032,-0.0903982053960557
shallow_b55_s22591,shallow,0.55,raw_awbir,0.4407730878841055,0.46190143527021477,-0.021128347386109247
shallow_b55_s22593,shallow,0.55,raw_awbir,0.4449404617749788,0.45619327463753173,-0.011252812862552919
shallow_b55_s22595,shallow,0.55,raw_awbir,0.5088700744916757,0.4551571844085869,0.05371289008308877
shallow_b55_s22597,shallow,0.55,raw_awbir,0.5459905253406303,0.48948509753439184,0.05650542780623846
shallow_b55_s22599,shallow,0.55,raw_awbir,0.4581845960639779,0.4437161678987314,0.01446842816524646
shallow_b55_s22601,shallow,0.55,raw_awbir,0.5151865823934838,0.5023821854923589,0.012804396901124893
shallow_b55_s22603,shallow,0.55,raw_awbir,0.4272866390048274,0.4457503852414047,-0.018463746236577316
shallow_b55_s22605,shallow,0.55,raw_awbir,0.559753108756119,0.47689324157441915,0.08285986718169991
shallow_b55_s22607,shallow,0.55,raw_awbir,0.4397676109723399,0.4846709897711502,-0.04490337879881029
shallow_b55_s22609,shallow,0.55,raw_awbir,0.3546654695446911,0.4516701678480757,-0.0970046983033846
shallow_b55_s22611,shallow,0.55,raw_awbir,0.36416310351738307,0.44215637878180114,-0.07799327526441807
shallow_b55_s22613,shallow,0.55,raw_awbir,0.5014074835047522,0.4917486560527466,0.00965882745200558
shallow_b55_s22615,shallow,0.55,raw_awbir,0.5938004133425372,0.487881289852231,0.10591912349030619
shallow_b55_s22577,shallow,0.55,raw_hsr_delta,0.30365910143584995,0.29192085845022886,0.011738242985621095
shallow_b55_s22579,shallow,0.55,raw_hsr_delta,0.26604909680407596,0.2891835222055361,-0.023134425401460157
shallow_b55_s22581,shallow,0.55,raw_hsr_delta,0.2198239925891617,0.2884438225892454,-0.0686198300000837
shallow_b55_s22583,shallow,0.55,raw_hsr_delta,0.3106067623899953,0.28938391786520046,0.021222844524794837
shallow_b55_s22585,shallow,0.55,raw_hsr_delta,0.2533348772579898,0.2864103728074736,-0.0330754955494838
shallow_b55_s22587,shallow,0.55,raw_hsr_delta,0.26167207040296436,0.29730678805222027,-0.03563471764925591
shallow_b55_s22589,shallow,0.55,raw_hsr_delta,0.3236220472440945,0.2931066424915806,0.03051540475251391
shallow_b55_s22591,shallow,0.55,raw_hsr_delta,0.2852014821676703,0.2917315227349875,-0.006530040567317208
shallow_b55_s22593,shallow,0.55,raw_hsr_delta,0.24599351551644277,0.2929510132736284,-0.04695749775718561
shallow_b55_s22595,shallow,0.55,raw_hsr_delta,0.29981472904122275,0.2850426263471625,0.014772102694060263
shallow_b55_s22597,shallow,0.55,raw_hsr_delta,0.32288096340898564,0.29563357646022626,0.02724738694875939
shallow_b55_s22599,shallow,0.55,raw_hsr_delta,0.20136637332098195,0.2897338861065854,-0.08836751278560345
shallow_b55_s22601,shallow,0.55,raw_hsr_delta,0.2973598888374247,0.299469270518927,-0.0021093816815023203
shallow_b55_s22603,shallow,0.55,raw_hsr_delta,0.3550717924965261,0.289356531336153,0.06571526116037307
shallow_b55_s22605,shallow,0.55,raw_hsr_delta,0.32033348772579895,0.2939624715243128,0.02637101620148613
shallow_b55_s22607,shallow,0.55,raw_hsr_delta,0.33529411764705885,0.3014353073061205,0.03385881034093835
shallow_b55_s22609,shallow,0.55,raw_hsr_delta,0.3355720240852247,0.2938992718418957,0.041672752243329
shallow_b55_s22611,shallow,0.55,raw_hsr_delta,0.32890226956924506,0.2916332998952308,0.037268969674014274
shallow_b55_s22613,shallow,0.55,raw_hsr_delta,0.3104214914312181,0.3003724993134721,0.010048992117746014
shallow_b55_s22615,shallow,0.55,raw_hsr_delta,0.32176933765632243,0.29565174636892116,0.026117591287401265
shallow_b55_s22577,shallow,0.55,raw_fine_f1_loss,0.5328096213235756,0.5090509037630389,0.023758717560536713
shallow_b55_s22579,shallow,0.55,raw_fine_f1_loss,0.5122941465409594,0.5089106861577501,0.003383460383209247
shallow_b55_s22581,shallow,0.55,raw_fine_f1_loss,0.4684907085977803,0.5057457441274296,-0.03725503552964926
shallow_b55_s22583,shallow,0.55,raw_fine_f1_loss,0.5160372537672162,0.5076495785625751,0.00838767520464112
shallow_b55_s22585,shallow,0.55,raw_fine_f1_loss,0.5112699044042095,0.505994565193635,0.005275339210574548
shallow_b55_s22587,shallow,0.55,raw_fine_f1_loss,0.4956504974587645,0.5118289534935772,-0.01617845603481266
shallow_b55_s22589,shallow,0.55,raw_fine_f1_loss,0.5250136549985661,0.5100593909504794,0.014954264048086752
shallow_b55_s22591,shallow,0.55,raw_fine_f1_loss,0.526192013835258,0.5100078490609686,0.01618416477428941
shallow_b55_s22593,shallow,0.55,raw_fine_f1_loss,0.4740562199892727,0.5077704763972808,-0.03371425640800807
shallow_b55_s22595,shallow,0.55,raw_fine_f1_loss,0.5119364625015165,0.5065502909145501,0.005386171586966415
shallow_b55_s22597,shallow,0.55,raw_fine_f1_loss,0.5353177506958426,0.5098109765097067,0.025506774186135894
shallow_b55_s22599,shallow,0.55,raw_fine_f1_loss,0.5114907292781902,0.5076029502631305,0.003887779015059656
shallow_b55_s22601,shallow,0.55,raw_fine_f1_loss,0.5133864788066901,0.513266214502823,0.00012026430386713471
shallow_b55_s22603,shallow,0.55,raw_fine_f1_loss,0.45580203153941257,0.506807615425497,-0.05100558388608445
shallow_b55_s22605,shallow,0.55,raw_fine_f1_loss,0.5347235821545473,0.5114588514600267,0.02326473069452062
shallow_b55_s22607,shallow,0.55,raw_fine_f1_loss,0.5339754705525097,0.5134459683664164,0.020529502186093285
shallow_b55_s22609,shallow,0.55,raw_fine_f1_loss,0.536671258713648,0.5102643989755157,0.026406859738132282
shallow_b55_s22611,shallow,0.55,raw_fine_f1_loss,0.5235439791115948,0.5083834793190258,0.015160499792568949
shallow_b55_s22613,shallow,0.55,raw_fine_f1_loss,0.5143879747678998,0.5148076798013511,-0.00041970503345134524
shallow_b55_s22615,shallow,0.55,raw_fine_f1_loss,0.5345725632074896,0.5128607689822657,0.021711794225223846
shallow_b55_s22577,shallow,0.55,raw_family_f1_loss,0.4213722618387494,0.39710466577730047,0.024267596061448904
shallow_b55_s22579,shallow,0.55,raw_family_f1_loss,0.3573840658462648,0.39455261941613984,-0.03716855356987503
shallow_b55_s22581,shallow,0.55,raw_family_f1_loss,0.3315869570591568,0.3925379046741244,-0.06095094761496761
shallow_b55_s22583,shallow,0.55,raw_family_f1_loss,0.40866072732790365,0.3967560368960077,0.011904690431895959
shallow_b55_s22585,shallow,0.55,raw_family_f1_loss,0.3547732216937629,0.38890150975765253,-0.03412828806388962
shallow_b55_s22587,shallow,0.55,raw_family_f1_loss,0.35790912423408394,0.41101898020895344,-0.0531098559748695
shallow_b55_s22589,shallow,0.55,raw_family_f1_loss,0.4236689050582426,0.39766073001389257,0.026008175044350046
shallow_b55_s22591,shallow,0.55,raw_family_f1_loss,0.4001183805219427,0.3971366464714972,0.0029817340504454948
shallow_b55_s22593,shallow,0.55,raw_family_f1_loss,0.3341057492714443,0.39822198515131124,-0.06411623587986692
shallow_b55_s22595,shallow,0.55,raw_family_f1_loss,0.38648288431290145,0.39087682120487244,-0.004393936891970984
shallow_b55_s22597,shallow,0.55,raw_family_f1_loss,0.46046362700543314,0.4037807889862938,0.056682838019139314
shallow_b55_s22599,shallow,0.55,raw_family_f1_loss,0.33534879301154086,0.39697171676507603,-0.061622923753535175
shallow_b55_s22601,shallow,0.55,raw_family_f1_loss,0.39519680363384274,0.41165981928743045,-0.01646301565358771
shallow_b55_s22603,shallow,0.55,raw_family_f1_loss,0.35311275145277066,0.39004481958087506,-0.0369320681281044
shallow_b55_s22605,shallow,0.55,raw_family_f1_loss,0.4461853101876427,0.40221193018515844,0.04397338000248424
shallow_b55_s22607,shallow,0.55,raw_family_f1_loss,0.46548652892754216,0.4125782662559376,0.05290826267160459
shallow_b55_s22609,shallow,0.55,raw_family_f1_loss,0.4478259240053679,0.3996448992958602,0.04818102470950769
shallow_b55_s22611,shallow,0.55,raw_family_f1_loss,0.4557164059446536,0.397463629309011,0.0582527766356426
shallow_b55_s22613,shallow,0.55,raw_family_f1_loss,0.41315228873725646,0.410820132156763,0.0023321565804934608
shallow_b55_s22615,shallow,0.55,raw_family_f1_loss,0.45308748932330645,0.408248285957689,0.04483920336561742
