budget,metric,method,full,minimal,none,rank_full,rank_minimal,rank_none
0.25,awbir,fisher,0.1043184099569139,0.0958566235451516,0.124302451088565,1.0,1.0,2.0
0.25,awbir,magnitude,0.1219618637658456,0.1159859229806742,0.5159833937117294,5.0,4.0,5.0
0.25,awbir,random,0.1192996755219499,0.1350249347059044,0.3597875755846723,4.0,5.0,4.0
0.25,awbir,saber_v2,0.1127004665046305,0.0994175962265534,0.0926037615120113,3.0,2.0,1.0
0.25,awbir,taylor,0.1075229806099892,0.1139916089211554,0.3055229943400536,2.0,3.0,3.0
0.25,family_macro_f1,fisher,0.5939216954918505,0.6134223097124052,0.5226692012748391,5.0,2.0,1.0
0.25,family_macro_f1,magnitude,0.6849537124686789,0.5912758326120205,0.1152147480104865,1.0,5.0,5.0
0.25,family_macro_f1,random,0.6726117084439752,0.6020981776587316,0.2494778381308791,2.0,3.0,4.0
0.25,family_macro_f1,saber_v2,0.5944312391497049,0.6266868419888287,0.5120399150707157,4.0,1.0,2.0
0.25,family_macro_f1,taylor,0.6720588877251523,0.5924812092912709,0.3583829609066503,3.0,4.0,3.0
0.25,fine_macro_f1,fisher,0.547447050546734,0.5437541876013774,0.4841940826242297,4.0,2.0,2.0
0.25,fine_macro_f1,magnitude,0.5589701850173854,0.526623320613389,0.0159826225590134,2.0,4.0,5.0
0.25,fine_macro_f1,random,0.5563512210964272,0.5487695618433345,0.1717792552540692,3.0,1.0,4.0
0.25,fine_macro_f1,saber_v2,0.5338317272840802,0.538866007027207,0.5135666223736917,5.0,3.0,1.0
0.25,fine_macro_f1,taylor,0.5807213912482281,0.5028266314117653,0.2913429371170924,1.0,5.0,3.0
0.25,hsr_balanced_soc,fisher,0.1571738342803771,0.1465521353547454,0.1460190476884058,3.0,2.0,2.0
0.25,hsr_balanced_soc,magnitude,0.1657188945713542,0.1514562505803336,0.4949587894831707,4.0,3.0,5.0
0.25,hsr_balanced_soc,random,0.172731327821605,0.1566615020764565,0.3454502751919425,5.0,4.0,4.0
0.25,hsr_balanced_soc,saber_v2,0.1552650599996722,0.1435742726940044,0.139315397458002,2.0,1.0,1.0
0.25,hsr_balanced_soc,taylor,0.1494353239763824,0.1571996875756709,0.2732980975980104,1.0,5.0,3.0
0.4,awbir,fisher,0.1167347990745847,0.0990239822787122,0.1445856771308466,4.0,1.0,1.0
0.4,awbir,magnitude,0.1275171180699343,0.1270542476810073,0.5507866495268183,5.0,5.0,5.0
0.4,awbir,random,0.1031286269585888,0.1204400946289915,0.4925199675821117,2.0,4.0,4.0
0.4,awbir,saber_v2,0.1125283843240577,0.1097694333814749,0.1690249589203792,3.0,2.0,2.0
0.4,awbir,taylor,0.0979460338356522,0.1138096483183178,0.3573467546817248,1.0,3.0,3.0
0.4,family_macro_f1,fisher,0.6294213425162446,0.6138823992296205,0.5055724036994798,4.0,3.0,1.0
0.4,family_macro_f1,magnitude,0.6525746722268574,0.6023916982955071,0.0627433721406027,2.0,4.0,5.0
0.4,family_macro_f1,random,0.6388289201280856,0.6002624482044693,0.1536465084667866,3.0,5.0,4.0
0.4,family_macro_f1,saber_v2,0.6592590444748612,0.6167139679842824,0.4248177017910275,1.0,2.0,2.0
0.4,family_macro_f1,taylor,0.6102789697563398,0.6216907885419153,0.1965414595197888,5.0,1.0,3.0
0.4,fine_macro_f1,fisher,0.5628702552595615,0.5268603630524569,0.4593314385221621,3.0,4.0,1.0
0.4,fine_macro_f1,magnitude,0.5635057486966543,0.5125828938090065,0.0093475391821145,2.0,5.0,5.0
0.4,fine_macro_f1,random,0.5606400881586209,0.538953829165977,0.0969322524147075,4.0,2.0,4.0
0.4,fine_macro_f1,saber_v2,0.5660173379153065,0.5410777264733305,0.4045311783063265,1.0,1.0,2.0
0.4,fine_macro_f1,taylor,0.5509242013583485,0.532361235550521,0.1540721833510214,5.0,3.0,3.0
0.4,hsr_balanced_soc,fisher,0.1638439844661749,0.1518895663746943,0.1582334552565029,4.0,4.0,1.0
0.4,hsr_balanced_soc,magnitude,0.1787875532769051,0.1487693285243776,0.5072777026252019,5.0,3.0,5.0
0.4,hsr_balanced_soc,random,0.1528505078716001,0.1592999947201016,0.456161004127424,2.0,5.0,4.0
0.4,hsr_balanced_soc,saber_v2,0.1512348589811981,0.1484820292287889,0.1918999076928118,1.0,2.0,2.0
0.4,hsr_balanced_soc,taylor,0.1559346967608734,0.144570899021034,0.3987845309902722,3.0,1.0,3.0
0.55,awbir,fisher,0.111116911517555,0.1555360733589506,0.2534273159475522,1.0,4.0,2.0
0.55,awbir,magnitude,0.123509740156006,0.1516408948183364,0.5044291671407305,5.0,3.0,5.0
0.55,awbir,random,0.1153010878609425,0.1643368190670485,0.5002726167340309,3.0,5.0,4.0
0.55,awbir,saber_v2,0.1170198074780539,0.121789377407397,0.2020244174849102,4.0,2.0,1.0
0.55,awbir,taylor,0.1145464133354917,0.1139099319420027,0.3406351357628996,2.0,1.0,3.0
0.55,family_macro_f1,fisher,0.6556608843264806,0.5802291454312836,0.3086171291014199,3.0,5.0,2.0
0.55,family_macro_f1,magnitude,0.6345448043003385,0.5894938345371274,0.0661411505691205,5.0,4.0,5.0
0.55,family_macro_f1,random,0.6408811781644445,0.6077682812697254,0.1584752593118925,4.0,3.0,3.0
0.55,family_macro_f1,saber_v2,0.676316706280183,0.6103782255760267,0.4037766737578288,1.0,2.0,1.0
0.55,family_macro_f1,taylor,0.6597493681942277,0.6183942283118102,0.077249102326327,2.0,1.0,4.0
0.55,fine_macro_f1,fisher,0.567185532999616,0.5173326908041042,0.2538789935867572,3.0,5.0,2.0
0.55,fine_macro_f1,magnitude,0.5462272336396063,0.5304137176804675,0.0091884415811752,4.0,4.0,5.0
0.55,fine_macro_f1,random,0.5425359121189129,0.5335391655810021,0.0308676739621816,5.0,2.0,3.0
0.55,fine_macro_f1,saber_v2,0.5687796143280168,0.5411798002732551,0.3141698826303703,2.0,1.0,1.0
0.55,fine_macro_f1,taylor,0.5797712239836468,0.5304427997673132,0.0279117334612757,1.0,3.0,4.0
0.55,hsr_balanced_soc,fisher,0.1567751109233814,0.1498438788682082,0.3294612865109522,2.0,3.0,2.0
0.55,hsr_balanced_soc,magnitude,0.1790373470877719,0.1412139760729572,0.5029514631690678,5.0,1.0,4.0
0.55,hsr_balanced_soc,random,0.1719539083081931,0.1455169111502349,0.4172365012116456,4.0,2.0,3.0
0.55,hsr_balanced_soc,saber_v2,0.1565325997309072,0.1498548027957972,0.2355402701487293,1.0,4.0,1.0
0.55,hsr_balanced_soc,taylor,0.1597831964504518,0.150195265205652,0.5313030607024449,3.0,5.0,5.0
