group_id,module_path,layer_index,channel_index,out_channels,in_channels,kernel_size,parameter_cost,flops_cost,batchnorm_path,downstream_path,downstream_kind,random,magnitude,taylor,fisher,bn_gamma
conv.0:out:0,conv.0,0,0,64,1,3,390,31734.0,conv.2,conv.3,conv_in,0.7739560485559633,1.2692107558250427,0.8269475162029266,0.2530809987336397,1.1404614448547363
conv.0:out:1,conv.0,0,1,64,1,3,390,31734.0,conv.2,conv.3,conv_in,0.4388784397520523,0.9373038485646248,2.3627801977097986,1.985955005697906,1.1066116094589233
conv.0:out:2,conv.0,0,2,64,1,3,390,31734.0,conv.2,conv.3,conv_in,0.8585979199113825,0.9181517958641052,1.0888444911688566,0.7268781589809805,0.9596938490867615
conv.0:out:3,conv.0,0,3,64,1,3,390,31734.0,conv.2,conv.3,conv_in,0.6973680290593639,0.7191908955574036,0.6191751506179571,0.15537953791208564,1.2016568183898926
conv.0:out:4,conv.0,0,4,64,1,3,390,31734.0,conv.2,conv.3,conv_in,0.09417734788764953,1.4863884449005127,0.5561718362616375,0.21474369348925393,1.2134630680084229
conv.0:out:5,conv.0,0,5,64,1,3,390,31734.0,conv.2,conv.3,conv_in,0.9756223516367559,0.7774031460285187,0.3506737916730344,0.05071483606880065,0.5894132852554321
conv.0:out:6,conv.0,0,6,64,1,3,390,31734.0,conv.2,conv.3,conv_in,0.761139701990353,1.238139033317566,2.3287641376256945,1.8552915155887604,1.225950837135315
conv.0:out:7,conv.0,0,7,64,1,3,390,31734.0,conv.2,conv.3,conv_in,0.7860643052769538,0.9986896952614188,0.6333381568780169,0.2564387656278996,0.9404811263084412
conv.0:out:8,conv.0,0,8,64,1,3,390,31734.0,conv.2,conv.3,conv_in,0.12811363267554587,0.8028567209839821,0.12920287020970136,0.009837201244863536,0.8674556612968445
conv.0:out:9,conv.0,0,9,64,1,3,390,31734.0,conv.2,conv.3,conv_in,0.45038593789556713,1.4057838916778564,4.971041613817215,13.621209663152694,0.9932251572608948
conv.0:out:10,conv.0,0,10,64,1,3,390,31734.0,conv.2,conv.3,conv_in,0.37079802423258124,1.6505686938762665,1.3624939987668767,0.6458767847658237,1.1207561492919922
conv.0:out:11,conv.0,0,11,64,1,3,390,31734.0,conv.2,conv.3,conv_in,0.9267649888486018,1.6543641090393066,0.8308470103889704,0.4675537727976916,1.2475613355636597
conv.0:out:12,conv.0,0,12,64,1,3,390,31734.0,conv.2,conv.3,conv_in,0.6438651200806645,1.452869713306427,1.325713412463665,0.5629359150305391,1.0198359489440918
conv.0:out:13,conv.0,0,13,64,1,3,390,31734.0,conv.2,conv.3,conv_in,0.82276161327083,1.0057147443294525,1.9650074161589146,3.1516371516743673,0.6960654854774475
conv.0:out:14,conv.0,0,14,64,1,3,390,31734.0,conv.2,conv.3,conv_in,0.44341419882733113,1.2953032851219177,7.465372264385223,19.344517278671265,1.2680985927581787
conv.0:out:15,conv.0,0,15,64,1,3,390,31734.0,conv.2,conv.3,conv_in,0.2272387217847769,1.5117785334587097,1.285021198540926,1.2909990581450983,0.7565407752990723
conv.0:out:16,conv.0,0,16,64,1,3,390,31734.0,conv.2,conv.3,conv_in,0.5545847870158348,0.9031683653593063,1.0775687165558339,0.4682980949059129,0.6563431620597839
conv.0:out:17,conv.0,0,17,64,1,3,390,31734.0,conv.2,conv.3,conv_in,0.06381725610417532,1.0125038772821426,0.08686682903280599,0.003371866997073969,0.7454679608345032
conv.0:out:18,conv.0,0,18,64,1,3,390,31734.0,conv.2,conv.3,conv_in,0.8276311719925821,0.9482548534870148,0.30915778419002893,0.04012667599163251,0.799178957939148
conv.0:out:19,conv.0,0,19,64,1,3,390,31734.0,conv.2,conv.3,conv_in,0.6316643991220648,1.2324867434799671,1.3795788943767548,0.5633135622134432,1.1026862859725952
conv.0:out:20,conv.0,0,20,64,1,3,390,31734.0,conv.2,conv.3,conv_in,0.7580877400853738,0.941082090139389,1.390426377952099,0.6053827155381442,0.9014732241630554
conv.0:out:21,conv.0,0,21,64,1,3,390,31734.0,conv.2,conv.3,conv_in,0.35452596812986836,0.6683541312813759,0.3739454201422632,0.06529334346705581,1.134764313697815
conv.0:out:22,conv.0,0,22,64,1,3,390,31734.0,conv.2,conv.3,conv_in,0.9706980243949033,0.6088477978482842,0.4324299842119217,0.12759890747456665,0.7949062585830688
conv.0:out:23,conv.0,0,23,64,1,3,390,31734.0,conv.2,conv.3,conv_in,0.8931211213221977,1.21799479983747,0.28076932011172173,0.02720482910881401,0.7260613441467285
conv.0:out:24,conv.0,0,24,64,1,3,390,31734.0,conv.2,conv.3,conv_in,0.7783834970737619,1.6471360921859741,0.7597825369099155,0.16838759380141255,1.0743205547332764
conv.0:out:25,conv.0,0,25,64,1,3,390,31734.0,conv.2,conv.3,conv_in,0.19463870785196757,1.4541220664978027,0.6415210457518696,0.1645615904184524,0.9605013132095337
conv.0:out:26,conv.0,0,26,64,1,3,390,31734.0,conv.2,conv.3,conv_in,0.4667210037270342,1.4074326306581497,0.78637890573591,0.23157926176209004,0.9769754409790039
conv.0:out:27,conv.0,0,27,64,1,3,390,31734.0,conv.2,conv.3,conv_in,0.04380376578722878,2.0315816402435303,1.670733878389001,0.8918017137795686,1.009345531463623
conv.0:out:28,conv.0,0,28,64,1,3,390,31734.0,conv.2,conv.3,conv_in,0.15428949206754783,0.45621128380298615,1.1852339193224908,0.6309358173981309,1.1670886278152466
conv.0:out:29,conv.0,0,29,64,1,3,390,31734.0,conv.2,conv.3,conv_in,0.6830489532424546,1.4056220948696136,0.926858925819397,0.3388938259333372,0.8780648112297058
conv.0:out:30,conv.0,0,30,64,1,3,390,31734.0,conv.2,conv.3,conv_in,0.7447621559078171,1.0291612148284912,0.4443880207836628,0.0804929225705564,0.7226994633674622
conv.0:out:31,conv.0,0,31,64,1,3,390,31734.0,conv.2,conv.3,conv_in,0.96750973243421,1.2740278616547585,2.9543844148516656,3.1610536612570286,0.9608610272407532
conv.0:out:32,conv.0,0,32,64,1,3,390,31734.0,conv.2,conv.3,conv_in,0.32582535813815194,1.377320408821106,1.0035304725170135,0.34689551368355753,1.2905374765396118
conv.0:out:33,conv.0,0,33,64,1,3,390,31734.0,conv.2,conv.3,conv_in,0.3704597060348689,1.5539719462394714,0.4355692667886615,0.05921367714763619,0.6167119741439819
conv.0:out:34,conv.0,0,34,64,1,3,390,31734.0,conv.2,conv.3,conv_in,0.4695558112758079,1.3108695149421692,2.4209917336702347,2.737160819396377,1.2832354307174683
conv.0:out:35,conv.0,0,35,64,1,3,390,31734.0,conv.2,conv.3,conv_in,0.1894713590842857,1.1292619705200195,1.828410729765892,1.2013805240392685,1.072827935218811
conv.0:out:36,conv.0,0,36,64,1,3,390,31734.0,conv.2,conv.3,conv_in,0.12992150533547164,0.5832139402627945,1.1917931944131852,0.7162662670016289,1.351496696472168
conv.0:out:37,conv.0,0,37,64,1,3,390,31734.0,conv.2,conv.3,conv_in,0.47570492622593374,1.2778262682259083,0.21328686820343137,0.01526826944173081,0.9825890064239502
conv.0:out:38,conv.0,0,38,64,1,3,390,31734.0,conv.2,conv.3,conv_in,0.2269093490508841,1.1174318119883537,0.8657696394249796,0.34292140157558604,0.8287664651870728
conv.0:out:39,conv.0,0,39,64,1,3,390,31734.0,conv.2,conv.3,conv_in,0.6698139946825103,0.84193354845047,0.7133576720952988,0.34000131767243147,0.5953299403190613
conv.0:out:40,conv.0,0,40,64,1,3,390,31734.0,conv.2,conv.3,conv_in,0.43715191887233074,0.6248319633305073,0.7335599148645997,0.37105596378678457,0.8990232944488525
conv.0:out:41,conv.0,0,41,64,1,3,390,31734.0,conv.2,conv.3,conv_in,0.8326781960578374,1.6475170254707336,0.871083976700902,0.2830269355326891,0.7012639045715332
conv.0:out:42,conv.0,0,42,64,1,3,390,31734.0,conv.2,conv.3,conv_in,0.7002651020022491,0.9431774914264679,2.5273754306137564,5.437041534204036,0.8601136207580566
conv.0:out:43,conv.0,0,43,64,1,3,390,31734.0,conv.2,conv.3,conv_in,0.31236664138204107,1.0639359951019287,1.8110647685825825,1.2499951653182506,1.3927580118179321
conv.0:out:44,conv.0,0,44,64,1,3,390,31734.0,conv.2,conv.3,conv_in,0.8322598013952011,1.1749195158481598,2.5618765160441397,5.165336988866329,0.6462842226028442
conv.0:out:45,conv.0,0,45,64,1,3,390,31734.0,conv.2,conv.3,conv_in,0.8047643574968019,0.6116492599248886,0.11088172243908048,0.004441565866181918,1.2208250761032104
conv.0:out:46,conv.0,0,46,64,1,3,390,31734.0,conv.2,conv.3,conv_in,0.38747837903017446,1.2607246339321136,0.33960799109190704,0.07789033365843352,0.9873102903366089
conv.0:out:47,conv.0,0,47,64,1,3,390,31734.0,conv.2,conv.3,conv_in,0.2883281039302441,1.142763465642929,0.634453272819519,0.16019790996797384,0.6117786765098572
conv.0:out:48,conv.0,0,48,64,1,3,390,31734.0,conv.2,conv.3,conv_in,0.6824955039749755,1.4063764959573746,1.983818143606186,1.4524422854185104,0.7445203065872192
conv.0:out:49,conv.0,0,49,64,1,3,390,31734.0,conv.2,conv.3,conv_in,0.1397524836093098,1.1879028975963593,0.6983386009931565,0.2547089303843677,0.6895734667778015
conv.0:out:50,conv.0,0,50,64,1,3,390,31734.0,conv.2,conv.3,conv_in,0.19990820247510832,1.2882537692785263,2.4621453255414965,2.121570685505867,1.0475531816482544
conv.0:out:51,conv.0,0,51,64,1,3,390,31734.0,conv.2,conv.3,conv_in,0.007362269751005512,1.2342437207698822,1.8848542973399163,2.0850140562281014,1.0679625272750854
conv.0:out:52,conv.0,0,52,64,1,3,390,31734.0,conv.2,conv.3,conv_in,0.7869243775021384,1.1873717904090881,1.7575397878885268,1.452685706689954,0.7901851534843445
conv.0:out:53,conv.0,0,53,64,1,3,390,31734.0,conv.2,conv.3,conv_in,0.6648508565920321,1.1595520377159119,1.6755335301160812,1.0757373247295619,1.5855242013931274
conv.0:out:54,conv.0,0,54,64,1,3,390,31734.0,conv.2,conv.3,conv_in,0.7051653786263351,1.527812898159027,0.4344661893323064,0.08850245669018478,0.7602196335792542
conv.0:out:55,conv.0,0,55,64,1,3,390,31734.0,conv.2,conv.3,conv_in,0.7807290310219679,1.0232326984405518,0.9095804369077086,0.3522712902748026,1.2163926362991333
conv.0:out:56,conv.0,0,56,64,1,3,390,31734.0,conv.2,conv.3,conv_in,0.45891577553833995,1.050020766677335,2.6264246888225897,3.626179429986587,1.0299267768859863
conv.0:out:57,conv.0,0,57,64,1,3,390,31734.0,conv.2,conv.3,conv_in,0.5687411959528937,0.9507971554994583,0.390592279471457,0.11096593349939213,1.1620352268218994
conv.0:out:58,conv.0,0,58,64,1,3,390,31734.0,conv.2,conv.3,conv_in,0.13979699812765745,1.3020902872085571,2.8232160061597824,3.538349059224129,1.2558789253234863
conv.0:out:59,conv.0,0,59,64,1,3,390,31734.0,conv.2,conv.3,conv_in,0.11453007353597344,1.234090176410973,1.9956237532198429,1.403812515269965,0.923891007900238
conv.0:out:60,conv.0,0,60,64,1,3,390,31734.0,conv.2,conv.3,conv_in,0.6684029617904717,1.089952826499939,1.2744029885157944,1.193669925746508,0.4624955356121063
conv.0:out:61,conv.0,0,61,64,1,3,390,31734.0,conv.2,conv.3,conv_in,0.4710962061431325,0.7737953364849091,0.33684263229370115,0.07618107846938074,1.078052043914795
conv.0:out:62,conv.0,0,62,64,1,3,390,31734.0,conv.2,conv.3,conv_in,0.5652361064811888,1.097988247871399,1.223015512013808,2.1765377502844787,1.2999480962753296
conv.0:out:63,conv.0,0,63,64,1,3,390,31734.0,conv.2,conv.3,conv_in,0.7649988574160256,1.3920070677995682,0.8984372284263372,0.2737462958553806,0.8598693013191223
conv.3:out:0,conv.3,1,0,128,64,3,229,15812.0,conv.5,head,linear_in,0.6347183200005908,13.069807291030884,0.27086065330076964,0.0010760375976133219,1.8497693538665771
conv.3:out:1,conv.3,1,1,128,64,3,229,15812.0,conv.5,head,linear_in,0.5535794006579958,13.384104117751122,1.165346511125972,0.017498532395998013,2.052964448928833
conv.3:out:2,conv.3,1,2,128,64,3,229,15812.0,conv.5,head,linear_in,0.5592071607454135,12.664950549602509,0.20332580994290766,0.0005827674831330399,2.118234395980835
conv.3:out:3,conv.3,1,3,128,64,3,229,15812.0,conv.5,head,linear_in,0.3039500980626122,13.479193955659866,10.025531834363937,1.993887559324503,2.1844165325164795
conv.3:out:4,conv.3,1,4,128,64,3,229,15812.0,conv.5,head,linear_in,0.030817834567939406,13.714113213121891,2.429394540004432,0.09568363685393706,1.9857728481292725
conv.3:out:5,conv.3,1,5,128,64,3,229,15812.0,conv.5,head,linear_in,0.43671738923236236,14.30328257754445,0.5911666722314294,0.007150625573611439,2.3695266246795654
conv.3:out:6,conv.3,1,6,128,64,3,229,15812.0,conv.5,head,linear_in,0.2145846728195292,13.614233940839767,3.1325241051614285,0.18521895203739405,1.8890833854675293
conv.3:out:7,conv.3,1,7,128,64,3,229,15812.0,conv.5,head,linear_in,0.40852864372463615,12.201598070561886,0.2358157900511287,0.0011637001515964584,1.537355899810791
conv.3:out:8,conv.3,1,8,128,64,3,229,15812.0,conv.5,head,linear_in,0.8534030732681661,14.238877326250076,3.251563096791506,0.1414133686805144,2.5526838302612305
conv.3:out:9,conv.3,1,9,128,64,3,229,15812.0,conv.5,head,linear_in,0.23393948586534075,15.433267533779144,2.9715651337057354,0.26609349439386276,2.385253667831421
conv.3:out:10,conv.3,1,10,128,64,3,229,15812.0,conv.5,head,linear_in,0.05830274168906602,13.828325904905796,0.9258247138466686,0.0116436961281579,1.9539237022399902
conv.3:out:11,conv.3,1,11,128,64,3,229,15812.0,conv.5,head,linear_in,0.28138389202199654,15.86472124606371,1.8349041833542288,0.07517602918014746,2.574246644973755
conv.3:out:12,conv.3,1,12,128,64,3,229,15812.0,conv.5,head,linear_in,0.2935937577666836,13.0611705891788,0.32707306519150736,0.001774442001828902,2.1937057971954346
conv.3:out:13,conv.3,1,13,128,64,3,229,15812.0,conv.5,head,linear_in,0.6619165147268951,13.084435448050499,0.9282742446288467,0.01528636198490858,2.184095621109009
conv.3:out:14,conv.3,1,14,128,64,3,229,15812.0,conv.5,head,linear_in,0.5570321523412783,14.13749365042895,1.535765856335638,0.04775133278059229,2.257902145385742
conv.3:out:15,conv.3,1,15,128,64,3,229,15812.0,conv.5,head,linear_in,0.7838982091064135,13.642832197248936,0.7095735319890082,0.007699245793628506,1.9932129383087158
conv.3:out:16,conv.3,1,16,128,64,3,229,15812.0,conv.5,head,linear_in,0.6643135403273875,14.800110809504986,1.933509051427245,0.04393252404406667,1.8859127759933472
conv.3:out:17,conv.3,1,17,128,64,3,229,15812.0,conv.5,head,linear_in,0.4063868614400705,14.104219675064087,3.559472032263875,0.32344581301149444,2.062222480773926
conv.3:out:18,conv.3,1,18,128,64,3,229,15812.0,conv.5,head,linear_in,0.8140203846660347,13.96940791606903,2.932457053195685,0.0944222152364091,2.295421838760376
conv.3:out:19,conv.3,1,19,128,64,3,229,15812.0,conv.5,head,linear_in,0.1669729199077039,13.95117461681366,0.053428001949578176,0.0001860972012593276,2.374321699142456
conv.3:out:20,conv.3,1,20,128,64,3,229,15812.0,conv.5,head,linear_in,0.022712073133860478,12.059149719774723,0.5218931366107427,0.0032793128032494677,2.0164361000061035
conv.3:out:21,conv.3,1,21,128,64,3,229,15812.0,conv.5,head,linear_in,0.09004786077564175,13.655370458960533,2.472291916050017,0.08499947943491862,1.7178905010223389
conv.3:out:22,conv.3,1,22,128,64,3,229,15812.0,conv.5,head,linear_in,0.7223593505964503,13.352859526872635,0.15975172887556255,0.000823108368922476,2.117000102996826
conv.3:out:23,conv.3,1,23,128,64,3,229,15812.0,conv.5,head,linear_in,0.4618772302513874,13.431035317480564,1.5231070026755333,0.052199196035508065,2.1107430458068848
conv.3:out:24,conv.3,1,24,128,64,3,229,15812.0,conv.5,head,linear_in,0.1612717790336018,15.154363930225372,0.1165808652760461,0.0002471043454420396,3.2592110633850098
conv.3:out:25,conv.3,1,25,128,64,3,229,15812.0,conv.5,head,linear_in,0.5010447751033635,12.582912616431713,1.5214105357415975,0.0353459780511912,2.172523260116577
conv.3:out:26,conv.3,1,26,128,64,3,229,15812.0,conv.5,head,linear_in,0.15231210271316842,14.019429825246334,0.4782026301138103,0.003691398115142874,2.4340901374816895
conv.3:out:27,conv.3,1,27,128,64,3,229,15812.0,conv.5,head,linear_in,0.696320375077736,16.30247610807419,2.2685273877345025,0.07124324701362639,2.607524871826172
conv.3:out:28,conv.3,1,28,128,64,3,229,15812.0,conv.5,head,linear_in,0.4461562755740307,13.505410626530647,2.274712215922773,0.09715259546537709,2.222750425338745
conv.3:out:29,conv.3,1,29,128,64,3,229,15812.0,conv.5,head,linear_in,0.3810212260964825,12.896560311317444,0.6058961286442355,0.0046014778982907956,1.8354613780975342
conv.3:out:30,conv.3,1,30,128,64,3,229,15812.0,conv.5,head,linear_in,0.3015120891478765,16.880991101264954,0.11516396653605625,0.00033342758479193435,2.752556085586548
conv.3:out:31,conv.3,1,31,128,64,3,229,15812.0,conv.5,head,linear_in,0.6302825931188885,15.706153005361557,0.9967427046038211,0.010157315457763615,1.8814096450805664
conv.3:out:32,conv.3,1,32,128,64,3,229,15812.0,conv.5,head,linear_in,0.3618126105533904,14.103911405429244,1.4519632048904896,0.028760685086490413,2.173314332962036
conv.3:out:33,conv.3,1,33,128,64,3,229,15812.0,conv.5,head,linear_in,0.087649919316101,15.068360894918442,0.76265833619982,0.008703380412771366,2.3577945232391357
conv.3:out:34,conv.3,1,34,128,64,3,229,15812.0,conv.5,head,linear_in,0.11800590212051532,14.77673077583313,0.9259136911481619,0.015142303198808804,2.2103426456451416
conv.3:out:35,conv.3,1,35,128,64,3,229,15812.0,conv.5,head,linear_in,0.9618976645495145,15.437850922346115,2.517579430807382,0.10689276554912794,1.9515067338943481
conv.3:out:36,conv.3,1,36,128,64,3,229,15812.0,conv.5,head,linear_in,0.908580690707607,11.806807406246662,0.28893057266250255,0.001787338099165936,1.7242581844329834
conv.3:out:37,conv.3,1,37,128,64,3,229,15812.0,conv.5,head,linear_in,0.6997071338107496,13.904002070426941,0.04911241548252292,5.1366850993872506e-05,2.585352897644043
conv.3:out:38,conv.3,1,38,128,64,3,229,15812.0,conv.5,head,linear_in,0.2658699614595196,14.368688831105828,1.1572043654392474,0.017623853440522908,2.067474126815796
conv.3:out:39,conv.3,1,39,128,64,3,229,15812.0,conv.5,head,linear_in,0.9691763773477239,15.443182907998562,1.3757291667163372,0.023309537454042583,2.1604995727539062
conv.3:out:40,conv.3,1,40,128,64,3,229,15812.0,conv.5,head,linear_in,0.7787509039657946,15.000350818037987,0.3888267991831526,0.002267611764091271,2.145761728286743
conv.3:out:41,conv.3,1,41,128,64,3,229,15812.0,conv.5,head,linear_in,0.7168901891589956,15.029701948165894,1.151909920014441,0.024244842620100827,1.9256346225738525
conv.3:out:42,conv.3,1,42,128,64,3,229,15812.0,conv.5,head,linear_in,0.44936150214378867,12.13940979540348,1.0831280150916427,0.01802516805837513,1.7880725860595703
conv.3:out:43,conv.3,1,43,128,64,3,229,15812.0,conv.5,head,linear_in,0.272241561845159,12.921543031930923,0.2910601263283752,0.0027321037291414994,2.0787200927734375
conv.3:out:44,conv.3,1,44,128,64,3,229,15812.0,conv.5,head,linear_in,0.0963909621534993,14.855873845517635,1.3776031760498881,0.03164653491548961,2.288433790206909
conv.3:out:45,conv.3,1,45,128,64,3,229,15812.0,conv.5,head,linear_in,0.9026023965438417,12.86900083720684,0.13040237249806524,0.00040267819531436544,1.916620135307312
conv.3:out:46,conv.3,1,46,128,64,3,229,15812.0,conv.5,head,linear_in,0.45577628983361107,13.218060299754143,2.409694710280746,0.09922657024144428,1.8768887519836426
conv.3:out:47,conv.3,1,47,128,64,3,229,15812.0,conv.5,head,linear_in,0.20236336479523032,12.230612769722939,0.8123565943911671,0.01068823381792754,1.8891007900238037
conv.3:out:48,conv.3,1,48,128,64,3,229,15812.0,conv.5,head,linear_in,0.3059566241506525,14.91735252737999,0.14351909387041814,0.0002846211563991119,2.007340669631958
conv.3:out:49,conv.3,1,49,128,64,3,229,15812.0,conv.5,head,linear_in,0.579219568941896,14.2349271774292,0.18469157366198488,0.0004338287410391217,2.1070854663848877
conv.3:out:50,conv.3,1,50,128,64,3,229,15812.0,conv.5,head,linear_in,0.1767727829392317,13.790230438113213,4.832020971551538,0.32388592679053546,1.8100608587265015
conv.3:out:51,conv.3,1,51,128,64,3,229,15812.0,conv.5,head,linear_in,0.8566142840923755,13.539020001888275,1.592707744240761,0.0410964563023299,2.1729860305786133
conv.3:out:52,conv.3,1,52,128,64,3,229,15812.0,conv.5,head,linear_in,0.7585195298352101,13.790391048416495,1.3541643832577392,0.030661442442305998,2.0104382038116455
conv.3:out:53,conv.3,1,53,128,64,3,229,15812.0,conv.5,head,linear_in,0.7194629559509368,13.616883368697017,0.2996084319167494,0.0014693151254978778,2.36806583404541
conv.3:out:54,conv.3,1,54,128,64,3,229,15812.0,conv.5,head,linear_in,0.4320930397751037,13.20451326109469,0.20307812568905775,0.0005652555051609864,2.3635151386260986
conv.3:out:55,conv.3,1,55,128,64,3,229,15812.0,conv.5,head,linear_in,0.6273088407024432,12.483545890077949,0.056019930767070035,4.6178949074171524e-05,1.5934019088745117
conv.3:out:56,conv.3,1,56,128,64,3,229,15812.0,conv.5,head,linear_in,0.5840979689127356,17.88240620493889,0.19488945495686494,0.0017549603530142121,1.7329939603805542
conv.3:out:57,conv.3,1,57,128,64,3,229,15812.0,conv.5,head,linear_in,0.64984660155482,12.941325068473816,0.5479225635994226,0.004112251407059375,2.122471570968628
conv.3:out:58,conv.3,1,58,128,64,3,229,15812.0,conv.5,head,linear_in,0.08444432113988909,13.634212017059326,2.89088928909041,0.11837851595046231,2.2172274589538574
conv.3:out:59,conv.3,1,59,128,64,3,229,15812.0,conv.5,head,linear_in,0.41580740217060963,14.265048801898956,1.4086544185876846,0.029756803321652113,1.654981255531311
conv.3:out:60,conv.3,1,60,128,64,3,229,15812.0,conv.5,head,linear_in,0.04161417386189248,12.674085766077042,1.3752067035064102,0.026783852068183477,2.1863858699798584
conv.3:out:61,conv.3,1,61,128,64,3,229,15812.0,conv.5,head,linear_in,0.49399081924451893,14.286986365914345,2.9218674496747554,0.12138115847192239,2.332667350769043
conv.3:out:62,conv.3,1,62,128,64,3,229,15812.0,conv.5,head,linear_in,0.3298612123327853,13.567643098533154,1.2115226490423083,0.023870655696373432,2.4807846546173096
conv.3:out:63,conv.3,1,63,128,64,3,229,15812.0,conv.5,head,linear_in,0.1445241888660469,13.231003429740667,0.23219363974640145,0.0007162946606513287,2.0423545837402344
conv.3:out:64,conv.3,1,64,128,64,3,229,15812.0,conv.5,head,linear_in,0.10340296772255164,14.46703027188778,2.775644975528121,0.10887562729622005,1.9148787260055542
conv.3:out:65,conv.3,1,65,128,64,3,229,15812.0,conv.5,head,linear_in,0.587644572177712,13.574287049472332,0.6302620225585998,0.005377635808144987,2.0209362506866455
conv.3:out:66,conv.3,1,66,128,64,3,229,15812.0,conv.5,head,linear_in,0.1705929685368861,13.72117169201374,0.5386376233771444,0.005671479416196235,2.113102674484253
conv.3:out:67,conv.3,1,67,128,64,3,229,15812.0,conv.5,head,linear_in,0.9251201183767972,13.463742602616549,0.7563553539104759,0.009154133479751182,1.8706395626068115
conv.3:out:68,conv.3,1,68,128,64,3,229,15812.0,conv.5,head,linear_in,0.581061139700395,13.903084117919207,2.7196787882363425,0.11241451803484778,2.265773057937622
conv.3:out:69,conv.3,1,69,128,64,3,229,15812.0,conv.5,head,linear_in,0.34686980453483707,13.82274316251278,1.0755293923430145,0.015264551217114786,1.8929314613342285
conv.3:out:70,conv.3,1,70,128,64,3,229,15812.0,conv.5,head,linear_in,0.5909154914814168,14.158407386392355,0.056824434532518356,0.00011425361269405965,2.0282278060913086
conv.3:out:71,conv.3,1,71,128,64,3,229,15812.0,conv.5,head,linear_in,0.022803871029697498,15.382394548505545,0.5025938018603483,0.00434521988895753,2.289577007293701
conv.3:out:72,conv.3,1,72,128,64,3,229,15812.0,conv.5,head,linear_in,0.9585592132414453,12.978085208684206,0.16420930581734866,0.000473928011372049,2.223071336746216
conv.3:out:73,conv.3,1,73,128,64,3,229,15812.0,conv.5,head,linear_in,0.48230343694290023,13.233713269233704,2.354303406365216,0.08010556166263996,1.826159119606018
conv.3:out:74,conv.3,1,74,128,64,3,229,15812.0,conv.5,head,linear_in,0.7827352272502862,14.539448882453144,0.5913963819679339,0.009532536220956445,2.3664257526397705
conv.3:out:75,conv.3,1,75,128,64,3,229,15812.0,conv.5,head,linear_in,0.08272999992243857,13.086151886731386,0.49879128830507397,0.0034927989552670626,1.9739925861358643
conv.3:out:76,conv.3,1,76,128,64,3,229,15812.0,conv.5,head,linear_in,0.48665833083816035,13.163086455315351,0.3209908628254198,0.001664484582465775,2.034945487976074
conv.3:out:77,conv.3,1,77,128,64,3,229,15812.0,conv.5,head,linear_in,0.4907069943545209,14.785056501626968,1.5948640876449645,0.0399481316911988,2.301480293273926
conv.3:out:78,conv.3,1,78,128,64,3,229,15812.0,conv.5,head,linear_in,0.9378264549749828,15.319593377411366,0.8292073504067957,0.009504491888219491,1.9049910306930542
conv.3:out:79,conv.3,1,79,128,64,3,229,15812.0,conv.5,head,linear_in,0.5717280523760754,12.995186038315296,0.8507197390310466,0.011539670045021922,2.405470371246338
conv.3:out:80,conv.3,1,80,128,64,3,229,15812.0,conv.5,head,linear_in,0.4734894010569538,13.768402813002467,3.0144393258728086,0.1378008879662957,2.1581339836120605
conv.3:out:81,conv.3,1,81,128,64,3,229,15812.0,conv.5,head,linear_in,0.2669756630918936,13.65193173661828,0.6499580157105811,0.006299533005449121,2.2882046699523926
conv.3:out:82,conv.3,1,82,128,64,3,229,15812.0,conv.5,head,linear_in,0.3315689973425522,12.83061496913433,0.25958147677592935,0.0008261957407739828,2.2927803993225098
conv.3:out:83,conv.3,1,83,128,64,3,229,15812.0,conv.5,head,linear_in,0.5206724024715378,14.516490556299686,0.8737541484646499,0.009939863119507208,1.9743027687072754
conv.3:out:84,conv.3,1,84,128,64,3,229,15812.0,conv.5,head,linear_in,0.4389114603050467,14.734436601400375,4.324016853421926,0.3306160246022046,2.0113611221313477
conv.3:out:85,conv.3,1,85,128,64,3,229,15812.0,conv.5,head,linear_in,0.021612079880330426,12.992895364761353,1.6147642886266111,0.04026775418315083,2.4581851959228516
conv.3:out:86,conv.3,1,86,128,64,3,229,15812.0,conv.5,head,linear_in,0.8262919241943578,12.426790468394756,0.6050267547369004,0.005737681342725409,2.079733371734619
conv.3:out:87,conv.3,1,87,128,64,3,229,15812.0,conv.5,head,linear_in,0.8961607718397667,13.617796301841736,1.5337602563202382,0.031212782106013037,2.250239610671997
conv.3:out:88,conv.3,1,88,128,64,3,229,15812.0,conv.5,head,linear_in,0.14024908899861077,15.626630499958992,1.384576817508787,0.030365415197593393,2.689976453781128
conv.3:out:89,conv.3,1,89,128,64,3,229,15812.0,conv.5,head,linear_in,0.5540361435390494,13.435786485671997,3.793727433308959,0.21234994651367742,2.055697202682495
conv.3:out:90,conv.3,1,90,128,64,3,229,15812.0,conv.5,head,linear_in,0.10857574113544355,14.89221964776516,0.42102247691946104,0.0027034847460299717,2.2010252475738525
conv.3:out:91,conv.3,1,91,128,64,3,229,15812.0,conv.5,head,linear_in,0.6722400930398117,12.764275208115578,0.024711294074859325,2.2819958397805873e-05,2.3523569107055664
conv.3:out:92,conv.3,1,92,128,64,3,229,15812.0,conv.5,head,linear_in,0.2812337838390083,14.234253637492657,2.670752695854753,0.11272888060775585,2.907362699508667
conv.3:out:93,conv.3,1,93,128,64,3,229,15812.0,conv.5,head,linear_in,0.6594226346919018,15.23015795648098,0.6672474339604377,0.48343133702874186,4.032155513763428
conv.3:out:94,conv.3,1,94,128,64,3,229,15812.0,conv.5,head,linear_in,0.7269946142868826,13.226524390280247,0.129779685405083,0.00027121437822188457,1.8398113250732422
conv.3:out:95,conv.3,1,95,128,64,3,229,15812.0,conv.5,head,linear_in,0.768647491917657,13.906034052371979,2.389450373314321,0.08614425734849647,2.1784512996673584
conv.3:out:96,conv.3,1,96,128,64,3,229,15812.0,conv.5,head,linear_in,0.10774094595589656,15.482454299926758,2.389023655653,0.0873616422060877,2.211559772491455
conv.3:out:97,conv.3,1,97,128,64,3,229,15812.0,conv.5,head,linear_in,0.9160118451376079,15.397089764475822,0.03865255416603759,2.645552222020342e-05,1.9152148962020874
conv.3:out:98,conv.3,1,98,128,64,3,229,15812.0,conv.5,head,linear_in,0.23021399089488082,14.222507372498512,0.47756537795066833,0.0038990289671346546,2.2275118827819824
conv.3:out:99,conv.3,1,99,128,64,3,229,15812.0,conv.5,head,linear_in,0.03741255617617978,15.716624282300472,0.5092791868373752,0.005248855788340734,2.4349324703216553
conv.3:out:100,conv.3,1,100,128,64,3,229,15812.0,conv.5,head,linear_in,0.5548524693914834,12.703317523002625,0.9043505972251296,0.012939713697414845,1.653655767440796
conv.3:out:101,conv.3,1,101,128,64,3,229,15812.0,conv.5,head,linear_in,0.37092228386243875,13.484056130051613,1.9624547708779574,0.08000946072279476,2.245380401611328
conv.3:out:102,conv.3,1,102,128,64,3,229,15812.0,conv.5,head,linear_in,0.8297897431324132,14.521178133785725,1.3912513902410866,0.0330513703986071,2.267237901687622
conv.3:out:103,conv.3,1,103,128,64,3,229,15812.0,conv.5,head,linear_in,0.8082514720643018,14.464983493089676,1.2725764114409686,0.02827622789191082,2.03827166557312
conv.3:out:104,conv.3,1,104,128,64,3,229,15812.0,conv.5,head,linear_in,0.31713889282271535,14.569801479578018,1.90661648735404,0.05855668721487746,2.527559518814087
conv.3:out:105,conv.3,1,105,128,64,3,229,15812.0,conv.5,head,linear_in,0.952899395069745,13.641517736017704,1.0526723571121692,0.016308705050323623,2.187581777572632
conv.3:out:106,conv.3,1,106,128,64,3,229,15812.0,conv.5,head,linear_in,0.2909178381401186,14.771574050188065,2.766878676135093,0.09916051271138712,2.330108642578125
conv.3:out:107,conv.3,1,107,128,64,3,229,15812.0,conv.5,head,linear_in,0.5150571292317145,13.281900972127914,0.37189577114768324,0.0032541262145969084,1.6168071031570435
conv.3:out:108,conv.3,1,108,128,64,3,229,15812.0,conv.5,head,linear_in,0.25596509056760275,14.257754176855087,0.7998617958277464,0.010773831186816097,2.228778123855591
conv.3:out:109,conv.3,1,109,128,64,3,229,15812.0,conv.5,head,linear_in,0.9360435700489633,13.462667524814606,1.4871460370719434,0.038169439844205046,1.9531328678131104
conv.3:out:110,conv.3,1,110,128,64,3,229,15812.0,conv.5,head,linear_in,0.16460781758201815,13.85234422981739,0.23977591389557346,0.0015340074563596317,2.1636290550231934
conv.3:out:111,conv.3,1,111,128,64,3,229,15812.0,conv.5,head,linear_in,0.04491061939232899,14.61428851634264,0.3122829621657729,0.0021116125288244804,2.0916037559509277
conv.3:out:112,conv.3,1,112,128,64,3,229,15812.0,conv.5,head,linear_in,0.43509706000303794,14.584321610163897,3.878305827337317,0.19765548516970738,2.4007890224456787
conv.3:out:113,conv.3,1,113,128,64,3,229,15812.0,conv.5,head,linear_in,0.992375564055837,13.209639772772789,0.4875925935804844,0.0035416698265180457,2.0479366779327393
conv.3:out:114,conv.3,1,114,128,64,3,229,15812.0,conv.5,head,linear_in,0.891677266254914,14.396107725799084,1.465606413036585,0.02615258442237973,2.5315921306610107
conv.3:out:115,conv.3,1,115,128,64,3,229,15812.0,conv.5,head,linear_in,0.7486080194569492,13.314254576340318,0.6512739202240482,0.005165409908386209,2.2781286239624023
conv.3:out:116,conv.3,1,116,128,64,3,229,15812.0,conv.5,head,linear_in,0.8907924908785249,14.791957914829254,2.468227583542466,0.0801461778813973,2.12548565864563
conv.3:out:117,conv.3,1,117,128,64,3,229,15812.0,conv.5,head,linear_in,0.8934466396978632,13.169090807437897,1.924236396001652,0.07807788404029452,1.896185278892517
conv.3:out:118,conv.3,1,118,128,64,3,229,15812.0,conv.5,head,linear_in,0.5188583603864491,14.348516002297401,1.6069035943131893,0.0519151083779434,2.4212396144866943
conv.3:out:119,conv.3,1,119,128,64,3,229,15812.0,conv.5,head,linear_in,0.315929051830793,14.33134537935257,2.4532135970890523,0.10749354937579483,2.6214523315429688
conv.3:out:120,conv.3,1,120,128,64,3,229,15812.0,conv.5,head,linear_in,0.772012432110988,15.264010936021805,6.49116538092494,0.7330820322968066,2.2429513931274414
conv.3:out:121,conv.3,1,121,128,64,3,229,15812.0,conv.5,head,linear_in,0.6616612631677611,13.626789420843124,0.46739014065824447,0.0037710574639277183,2.1770079135894775
conv.3:out:122,conv.3,1,122,128,64,3,229,15812.0,conv.5,head,linear_in,0.37365772887371007,13.738687633536756,2.5864990879781544,0.081661409300159,2.113098382949829
conv.3:out:123,conv.3,1,123,128,64,3,229,15812.0,conv.5,head,linear_in,0.09446666806151527,14.585540935397148,0.9658428561873734,0.013190461794147268,2.198671817779541
conv.3:out:124,conv.3,1,124,128,64,3,229,15812.0,conv.5,head,linear_in,0.746789611349026,14.50644239783287,0.18919972530293308,0.0010891994998867643,2.215264081954956
conv.3:out:125,conv.3,1,125,128,64,3,229,15812.0,conv.5,head,linear_in,0.2624605159228647,13.740473255515099,3.5977574113756416,0.1712901693303138,1.974165916442871
conv.3:out:126,conv.3,1,126,128,64,3,229,15812.0,conv.5,head,linear_in,0.9368131505337792,13.494422867894173,0.0007209004622609428,3.1912656119027424e-08,2.256096124649048
conv.3:out:127,conv.3,1,127,128,64,3,229,15812.0,conv.5,head,linear_in,0.24097057500568475,14.34402897208929,0.2794053934980184,0.0014286709208136017,2.7464370727539062
